CH Name,Dis AD 전(하단),Dis AD 후(상단),Dis 8R,Dis AD 좌(상단),Dis 1R,Dis 2R,VI 8R,Suc AD 후 상,Suc  AD 우 중,Suc  AD 전 하,DIS 전 중,Suc  AD 전 중,Suc  1R,Suc  3R,압력센서 하,저압 SV 용접부,VI 용접부,VI 7R,압력센서 상,Suc  2R,Dis AD 전(하단),Dis AD 후(상단),Dis 8R,Dis AD 좌(상단),Dis 1R,Dis 2R,VI 8R,Suc AD 후 상,Suc  AD 우 중,Suc  AD 전 하,DIS 전 중,Suc  AD 전 중,Suc  1R,Suc  3R,압력센서 하,저압 SV 용접부,VI 용접부,VI 7R,압력센서 상,Suc  2R
CH No.,CH02,CH04,CH06,CH07,CH09,CH11,CH14,CH16,CH17,CH18,CH19,CH20,CH21,CH22,CH24,CH25,CH26,CH27,CH29,CH32,CH02,CH04,CH06,CH07,CH09,CH11,CH14,CH16,CH17,CH18,CH19,CH20,CH21,CH22,CH24,CH25,CH26,CH27,CH29,CH32
1,0.2,0.2,0.2,0.1,0.1,0.1,0.2,0.2,0.1,0.2,0.1,0.1,0.1,0.1,0.1,0.2,0.1,0.2,0.1,0.1,4,300,7,14,100,4,21,204,4,11,280,7,43,280,204,10,21,64,317,204
2,0.2,0.2,0.1,0.2,0.2,0.1,0.2,0.2,0.1,0.1,0.2,0.1,0.2,0.1,0.1,0.1,0.2,0.2,0.1,0.1,18,100,5,6,100,280,22,204,5,24,280,10,5,280,204,21,22,6,4,83
3,0.2,0.2,0.2,0.1,0.1,0.1,0.2,0.2,0.1,0.2,0.1,0.1,0.1,0.2,0.1,0.1,0.1,0.2,0.1,0.1,15,300,5,10,300,5,22,204,25,5,280,10,12,280,29,11,25,96,4,83
4,0.2,0.1,0.1,0.1,0.2,0.1,0.2,0.2,0.1,0.2,0.2,0.1,0.1,0.1,0.2,0.2,0.1,0.2,0.1,0.2,7,300,360,22,100,280,21,204,348,21,280,4,4,11,120,21,21,6,6,32
5,0.2,0.1,0.2,0.1,0.2,0.2,0.2,0.2,0.1,0.2,0.1,0.1,0.1,0.1,0.1,0.1,0.1,0.2,0.2,0.1,8,300,4,11,100,280,30,205,4,5,280,12,5,280,409,21,30,96,83,83
6,0.2,0.1,0.2,0.1,0.2,0.2,0.2,0.2,0.1,0.1,0.1,0.2,0.2,0.1,0.1,0.2,0.1,0.2,0.1,0.1,5,300,149,411,300,4,21,205,8,14,280,6,9,280,4,19,29,96,30,83
7,0.2,0.2,0.2,0.1,0.1,0.2,0.2,0.2,0.2,0.1,0.1,0.2,0.1,0.1,0.2,0.2,0.2,0.2,0.1,0.1,9,300,149,488,100,4,31,205,5,4,280,22,12,5,86,5,5,4,6,29
8,0.2,0.1,0.1,0.1,0.2,0.1,0.2,0.2,0.1,0.2,0.1,0.2,0.1,0.1,0.1,0.2,0.2,0.2,0.1,0.1,15,300,5,169,100,280,21,206,4,41,280,6,8,280,462,11,22,96,167,30
9,0.2,0.2,0.1,0.1,0.2,0.1,0.2,0.2,0.1,0.2,0.1,0.1,0.1,0.1,0.1,0.2,0.1,0.2,0.1,0.2,5,300,4,7,300,28,21,205,5,75,280,75,6,280,103,23,33,96,303,32
10,0.2,0.2,0.1,0.2,0.2,0.2,0.2,0.2,0.1,0.1,0.1,0.1,0.1,0.2,0.2,0.2,0.2,0.2,0.2,0.1,17,300,6,4,100,240,27,206,4,6,280,5,4,13,11,26,21,324,283,83
11,0.2,0.2,0.1,0.1,0.2,0.2,0.2,0.2,0.1,0.2,0.1,0.2,0.1,0.2,0.2,0.2,0.2,0.2,0.2,0.1,5,300,162,216,100,162,324,206,15,4,280,41,10,162,323,21,324,324,324,83
12,0.2,0.2,0.2,0.1,0.1,0.1,0.2,0.2,0.2,0.1,0.2,0.1,0.2,0.1,0.1,0.2,0.2,0.2,0.2,0.2,5,300,162,4,300,162,324,205,4,45,280,12,6,280,162,21,324,324,324,45
13,0.2,0.2,0.1,0.1,0.1,0.2,0.2,0.2,0.2,0.2,0.1,0.2,0.1,0.1,0.1,0.2,0.2,0.3,0.2,0.2,6,300,5,245,100,162,323,206,7,32,280,6,29,280,283,29,323,323,284,29
14,0.2,0.1,0.1,0.1,0.2,0.2,0.2,0.2,0.1,0.2,0.1,0.1,0.1,0.2,0.1,0.2,0.2,0.2,0.2,0.2,6,300,150,221,100,5,29,206,400,5,280,6,23,11,271,29,29,323,282,30
15,0.2,0.1,0.1,0.1,0.2,0.2,0.2,0.2,0.1,0.2,0.1,0.1,0.2,0.1,0.2,0.2,0.2,0.2,0.1,0.2,4,300,26,64,300,12,30,206,255,30,280,5,30,280,243,30,30,324,324,30
16,0.2,0.1,0.2,0.1,0.2,0.2,0.2,0.2,0.2,0.2,0.1,0.1,0.2,0.2,0.1,0.1,0.1,0.2,0.2,0.2,4,300,149,28,300,7,30,207,5,10,280,9,30,10,243,30,202,162,281,30
17,0.2,0.2,0.2,0.1,0.2,0.1,0.2,0.2,0.2,0.2,0.2,0.2,0.2,0.1,0.1,0.2,0.2,0.2,0.1,0.2,4,300,31,34,300,31,31,207,31,31,280,31,31,31,264,22,202,5,4,31
18,0.2,0.2,0.2,0.1,0.1,0.2,0.2,0.2,0.1,0.2,0.2,0.1,0.1,0.2,0.1,0.2,0.2,0.2,0.2,0.2,4,300,151,500,100,162,31,207,8,31,280,31,31,31,207,31,324,324,283,31
19,0.2,0.2,0.1,0.1,0.2,0.2,0.2,0.2,0.1,0.2,0.1,0.1,0.2,0.2,0.1,0.2,0.2,0.2,0.2,0.2,7,300,205,379,300,4,31,207,31,31,280,400,31,31,243,31,203,324,29,31
20,0.2,0.2,0.2,0.2,0.2,0.1,0.2,0.2,0.1,0.2,0.2,0.2,0.2,0.1,0.2,0.2,0.2,0.2,0.2,0.2,7,300,14,332,100,11,31,207,10,30,280,6,31,280,243,31,22,324,324,31
21,0.2,0.2,0.1,0.1,0.2,0.2,0.2,0.2,0.1,0.2,0.1,0.2,0.2,0.1,0.2,0.2,0.2,0.2,0.2,0.2,5,300,400,6,100,280,31,208,5,31,280,31,31,31,243,160,243,324,324,31
22,0.2,0.2,0.1,0.1,0.2,0.2,0.2,0.2,0.1,0.2,0.2,0.1,0.2,0.1,0.1,0.2,0.1,0.2,0.2,0.2,17,300,360,37,100,280,31,208,4,75,280,8,30,280,9,31,21,64,10,31
23,0.2,0.2,0.2,0.1,0.1,0.1,0.2,0.2,0.2,0.2,0.2,0.2,0.2,0.1,0.1,0.2,0.1,0.2,0.2,0.2,7,300,21,225,300,11,31,208,31,31,280,6,31,280,273,31,4,95,7,31
24,0.2,0.2,0.2,0.1,0.2,0.2,0.2,0.2,0.1,0.2,0.1,0.2,0.2,0.1,0.1,0.2,0.1,0.2,0.1,0.1,6,300,10,12,300,22,31,208,31,31,280,5,31,280,208,31,31,64,309,31
25,0.2,0.2,0.2,0.2,0.2,0.2,0.2,0.2,0.2,0.2,0.1,0.1,0.2,0.1,0.1,0.1,0.2,0.2,0.2,0.2,5,300,31,6,100,5,31,208,4,4,280,280,31,31,5,10,4,5,9,30
26,0.2,0.2,0.1,0.1,0.2,0.2,0.2,0.2,0.2,0.1,0.1,0.1,0.2,0.2,0.1,0.2,0.1,0.2,0.1,0.2,4,100,8,4,100,5,31,209,6,25,280,9,31,280,19,30,64,64,4,31
27,0.2,0.2,0.2,0.1,0.2,0.2,0.2,0.2,0.2,0.2,0.2,0.1,0.1,0.1,0.1,0.2,0.1,0.2,0.1,0.2,13,100,5,15,100,31,31,209,6,31,280,7,31,280,50,31,31,96,304,31
28,0.2,0.2,0.2,0.2,0.2,0.2,0.2,0.2,0.1,0.2,0.1,0.2,0.2,0.2,0.2,0.2,0.2,0.2,0.2,0.2,11,100,5,8,100,21,31,209,4,13,280,9,31,31,5,31,31,63,440,31
29,0.2,0.2,0.4,0.2,0.2,0.3,0.5,0.6,0.2,0.6,0.2,0.2,0.3,0.4,0.2,0.3,0.3,0.5,0.2,1,4,300,68,331,100,6,21,41,31,42,280,72,18,19,209,31,21,64,13,43
30,0.2,0.2,0.2,0.2,0.2,0.1,0.2,0.2,0.1,0.2,0.1,0.1,0.2,0.1,0.1,0.2,0.2,0.2,0.2,0.2,10,300,7,6,100,6,31,210,5,31,280,280,31,4,4,31,21,64,6,31
31,0.4,0.9,1,0.2,0.5,0.9,2.1,2.8,1.6,2.7,0.4,1.5,2.2,1.3,0.2,0.7,1.4,9.7,0.5,3.1,19,19,70,4,70,19,19,4,4,4,20,4,4,4,44,19,19,69,132,4
32,0.4,1,0.9,0.2,0.7,1,2.7,3.7,1.3,4.3,0.3,1.6,1.1,0.9,0.3,1.2,1.5,3.8,1.1,5.9,37,37,26,5,36,37,29,37,4,37,24,37,38,69,136,38,25,63,134,37
33,0.6,1,0.8,0.2,1.2,0.9,2.5,1.6,1.1,2,0.5,0.9,1.8,1.3,0.5,2.3,2.2,3,1.1,2.3,51,51,51,51,51,51,51,51,44,51,51,51,103,43,51,4,51,103,44,51
34,0.6,1.2,1.2,0.3,1.8,1,2.5,1.7,0.7,1.7,0.7,0.8,1,0.9,0.3,1.9,2.2,4.9,0.6,1.8,54,54,54,54,54,54,54,54,54,54,54,54,106,107,54,4,54,110,110,54
35,0.7,1.5,1.6,0.2,2.7,1.6,2.9,2.2,0.7,2.2,0.7,1,1.3,1.4,0.5,0.6,2.2,6.7,0.9,2.6,59,58,58,58,58,59,58,59,58,59,58,59,59,59,238,58,59,59,238,59
36,1,1.2,1.7,0.3,2.1,2.5,4.4,4.7,1.9,4.7,1.3,1.7,4.4,5.3,0.8,1,3.6,5.5,2.2,4.8,127,62,63,126,62,63,63,63,63,63,63,63,63,63,245,63,63,62,127,63
37,1,2,2.4,0.3,2.5,2.5,3.8,5.6,2.7,5.7,1.7,2.2,6.1,7.3,1,1.4,2.9,6.8,3.3,5.1,131,135,67,204,67,66,66,67,67,67,66,67,67,67,135,67,66,67,135,66
38,0.5,2.3,1.9,0.2,2.3,1.5,1.9,4.9,2.5,5,1.1,2,5,6,0.8,1.3,1.7,7.7,3,3,72,140,71,210,71,71,70,71,71,71,70,71,71,71,140,71,70,71,140,70
39,0.8,1.7,1.1,0.2,1.4,2.2,3.4,3.6,1.7,3.9,0.6,1.5,4.5,4.6,0.4,1.2,2,6.9,1.2,1.5,75,75,75,75,75,75,76,75,75,75,76,75,75,75,75,75,75,74,75,73
40,1.5,4.4,1.5,0.3,1.9,3.6,5.3,5.2,2,5.4,1.2,2,6.9,5.4,0.5,1.7,2.3,5.4,1.1,1.8,80,80,80,80,80,80,80,80,80,80,80,80,80,80,79,80,80,80,311,80
41,2,6.9,1.5,0.4,2.6,4,6.9,5.3,2.6,5.5,1.7,2.1,8.3,6.2,0.4,1.7,2.8,7,1.4,2.4,83,83,83,83,83,83,83,83,83,83,83,83,83,83,83,83,83,83,84,83
42,2.7,7.3,1.4,0.5,3.2,3.4,8.2,4.5,2.8,4.9,2.2,1.8,8.1,7.8,0.3,1.5,4.4,14.1,2.9,2.8,88,88,87,88,88,87,88,88,88,88,88,88,88,88,260,88,88,88,88,88
43,3,5.5,1.7,0.6,3,2.2,8.4,3.3,2.6,3.9,2,1.5,5.6,7.8,0.4,2.1,4.6,15.7,3.2,2.5,92,92,92,92,91,92,91,91,91,91,91,91,91,91,275,91,91,91,91,91
44,3.1,4.9,1.8,0.7,2.5,1.6,6.7,2.4,2.3,3.1,1.6,1,4.8,6.2,0.4,1.5,3.5,14.5,2.5,1.6,96,96,96,96,96,96,94,94,94,94,94,94,94,94,280,94,94,94,94,96
45,3.9,5.8,2.1,0.5,2,1.1,5.3,2.1,1.6,2.3,1.2,0.9,3.7,5.3,0.3,1.1,2.9,9,2.3,1.5,100,100,100,99,99,100,100,100,100,100,100,100,100,100,100,100,201,100,100,100
46,3.2,4.6,2.6,0.4,1.7,1.4,3.7,1.8,1.5,2,1.5,0.8,2.8,4.1,0.4,1.1,2.7,4.2,1.9,1.9,104,104,104,314,209,104,104,104,104,104,104,104,104,104,209,104,209,205,104,104
47,2.7,3.8,2.3,0.4,1.6,1.5,3.5,1.7,1.4,2.2,1.5,0.9,2.7,3.8,0.4,1,2.7,3.7,1.8,1.9,105,105,210,315,210,105,105,105,105,105,105,105,105,105,210,105,210,210,105,105
48,2.7,3.7,2.4,0.4,1.7,1.7,3.4,1.9,1.5,2.5,1.7,0.9,2.8,3.7,0.4,1.1,2.6,3.5,1.8,2.3,105,105,210,315,210,105,105,105,105,105,105,105,105,105,210,105,210,210,105,105
49,2.7,3.7,2.8,0.4,1.9,1.8,3.7,2,1.8,2.5,1.8,1,2.8,3.8,0.5,1.1,2.8,3.8,1.8,2.8,105,105,210,315,210,105,105,105,105,105,210,105,105,105,210,105,210,210,105,105
50,2.7,4,3,0.4,1.9,1.9,3.6,2.3,1.6,3.1,1.8,1.1,2.7,3.6,0.4,1.1,2.9,3.5,1.8,2.9,105,105,210,315,210,105,105,210,105,105,105,105,105,105,420,105,210,210,105,105
51,2.7,4,2.8,0.5,1.6,2.2,3.6,2.5,2,3.1,1.8,1.1,2.8,3.6,0.4,1.1,3.2,3.4,2,3.5,105,105,105,105,210,105,105,105,105,105,105,105,105,105,421,105,210,210,105,105
52,2.9,4.6,2.8,0.6,1.5,2.3,3.4,2.3,1.8,2.9,1.8,1.2,2.8,3.4,0.4,1.1,3,3.6,1.9,3.6,105,105,105,105,210,105,105,105,105,105,105,105,105,105,420,105,210,210,105,105
53,2.9,4.6,2.8,0.6,1.5,2.6,3.4,2.2,1.9,3.1,1.9,1.2,2.9,3.4,0.4,1,3.2,3.4,1.8,3.9,105,105,105,105,210,105,210,105,105,105,105,105,105,105,420,105,210,210,105,105
54,3,4.9,2.8,0.6,1.6,2.7,3.4,2.3,1.9,3.4,1.9,1.2,3,3.3,0.4,1.3,3.2,3.5,1.9,4.2,105,105,105,105,105,105,210,105,105,105,105,105,105,105,420,105,210,210,105,105
55,3,5,2.8,0.6,1.6,2.8,3.3,2.4,1.9,3.7,2,1.3,3,3.2,0.4,1.2,3.1,3.4,1.8,4.4,105,105,105,105,105,105,210,105,105,105,105,105,105,105,420,105,210,210,105,105
56,3.1,5,2.9,0.6,1.8,3.1,3.2,2.5,1.8,3.4,2.2,1.3,3.1,3.1,0.4,1,3.2,3.7,1.8,4.8,105,105,105,105,105,105,210,105,105,105,105,105,105,105,420,105,210,210,105,105
57,3.1,5.1,2.8,0.6,1.8,3.3,3.3,2.4,2,3.5,2.2,1.5,3.2,3,0.4,1.1,3.5,4,1.7,4.9,105,105,105,105,105,105,210,105,105,105,105,105,105,105,420,105,210,105,105,105
58,3.1,5,2.8,0.6,1.8,3.3,3.2,2.5,2.6,3.2,2.2,1.3,3.2,3,0.4,1.1,3.2,4,1.8,5,105,105,105,105,105,105,210,105,105,105,105,105,105,105,420,105,210,105,105,105
59,3.1,5,2.8,0.6,1.9,3.2,3.1,2.2,2.2,3.6,2.2,1.3,3.1,3.1,0.4,0.9,3.2,3.7,1.9,4.9,105,105,105,105,105,105,210,105,105,105,105,105,105,105,420,105,210,210,105,105
60,3.1,4.9,2.7,0.6,1.8,3.1,3,2.2,1.8,3,2.2,1.2,3.1,3.1,0.4,1,3.3,3.7,1.6,4.7,105,105,105,105,105,105,210,105,105,105,105,105,105,105,420,105,210,210,105,105
61,3.1,5.1,2.7,0.6,1.8,3.2,3.2,2.2,2,3.4,2.1,1.2,3.1,3,0.3,0.9,3.2,3.6,1.8,4.8,105,105,105,105,105,105,210,105,105,105,105,105,105,105,420,105,210,210,105,105
62,3.1,5,2.7,0.6,1.8,3.1,3.1,2.2,2,3.1,2.1,1.2,3,3,0.4,0.9,3.1,3.3,1.7,4.6,105,105,105,105,105,105,210,105,105,105,105,105,105,105,420,105,210,210,105,105
63,3.1,5,2.7,0.6,1.8,3.1,3.1,2.5,2,3.1,2.1,1.3,3,3,0.4,0.8,3.3,3.6,1.8,4.6,105,105,105,105,105,105,210,105,105,105,105,105,105,105,420,105,210,210,105,105
64,3.1,5,2.7,0.6,1.8,2.8,3.1,2.1,1.8,3.1,2,1.2,3,3,0.4,0.9,3.3,3.1,1.7,4.6,105,105,105,105,105,105,210,105,105,105,105,105,105,105,420,105,210,210,105,105
65,3.1,5.1,2.7,0.6,1.7,2.9,3.2,2.1,2,3,2,1.3,2.9,3,0.5,1,3.3,3.4,1.7,4.3,105,105,105,105,105,105,210,105,105,105,105,105,105,105,420,105,210,210,105,105
66,3.1,5.1,2.7,0.6,1.8,2.9,3.3,2.1,1.8,2.9,2,1.2,2.7,3,0.4,1.1,3.2,3.3,1.8,4.5,105,105,105,105,105,105,210,105,105,105,105,105,105,105,420,105,210,210,105,105
67,3.1,5.1,2.7,0.6,1.7,2.9,3.2,2.1,2.1,3,2,1.1,2.8,3,0.4,1.1,3.2,3.2,1.7,4.2,105,105,105,105,105,105,210,105,105,105,105,105,105,105,420,105,210,210,105,105
68,3.1,5.1,2.8,0.6,1.7,2.8,3.1,2,1.7,3,2,1.3,2.8,3.1,0.4,0.9,3.1,3.2,1.7,4.2,105,105,105,105,105,105,210,105,105,105,105,105,105,105,420,105,210,210,105,105
69,3.1,5.1,2.7,0.6,1.8,2.8,3.1,2,1.6,3,2,1.2,2.7,3.1,0.4,0.9,3.1,2.9,1.7,4.3,105,105,105,105,105,105,210,105,105,105,105,105,105,105,420,105,210,210,105,105
70,3.1,5.1,2.7,0.6,1.6,2.8,3.1,2.1,1.6,3.3,2,1.1,2.7,3,0.4,0.9,3.2,3,1.7,4.6,105,105,105,105,105,105,210,105,105,105,105,105,105,105,420,105,210,210,105,105
71,3.1,5.1,2.7,0.6,1.8,2.7,3.1,2.1,1.8,3.2,1.9,1,2.7,3.1,0.4,1,3.1,2.9,1.8,4.4,105,105,105,105,105,105,210,105,105,105,105,105,105,105,420,105,210,210,105,105
72,3.1,5.1,2.7,0.6,1.6,2.6,3.3,2.1,1.7,2.5,1.8,1.1,2.6,3,0.4,0.9,3.1,2.9,1.7,4.3,105,105,105,105,105,105,210,105,105,105,105,105,105,105,420,105,210,210,105,105
73,3.1,5.1,2.6,0.7,1.6,2.6,3.1,3.7,1.7,2.9,1.8,1.1,2.5,3.1,0.4,1,3,2.7,1.7,4.1,105,105,105,105,105,105,210,105,105,105,105,105,105,105,420,105,210,210,105,105
74,3.1,5.1,2.7,0.6,1.6,2.7,3.2,1.9,1.9,2.8,1.9,1.1,2.6,3.1,0.4,0.9,3.1,3.1,1.8,4,105,105,105,105,105,105,210,105,105,105,105,105,105,105,420,105,210,210,105,105
75,3.1,5.1,2.8,0.6,1.6,2.6,3.1,1.9,1.8,2.5,1.8,1.1,2.7,3.1,0.4,1,3,2.7,1.8,3.8,105,105,105,105,105,105,210,105,105,105,105,105,105,105,420,105,210,210,105,105
76,3.1,5,2.6,0.6,1.5,2.4,3.1,1.9,1.7,2.8,1.8,1,2.5,3.1,0.4,1,3,2.3,1.7,3.8,105,105,105,105,105,105,210,105,105,105,105,105,105,105,420,105,210,210,105,105
77,3.1,5.1,2.7,0.6,1.5,2.4,3,2.1,1.7,2.8,1.7,1.1,2.5,3.1,0.4,0.8,2.9,2.4,1.8,3.5,105,105,105,105,105,105,210,105,105,105,105,105,105,105,420,105,210,210,105,105
78,3.1,5,2.7,0.6,1.7,2.5,3.1,1.9,1.5,2.6,1.7,1.1,2.5,3,0.4,1,3,2.6,1.9,3.6,105,105,105,105,105,105,210,105,105,105,105,105,105,105,420,105,210,210,105,105
79,3.2,5.1,2.9,0.6,1.6,2.6,3.2,2.1,1.8,2.6,1.8,1.1,2.5,3,0.4,0.9,3.1,2.7,1.8,3.8,105,105,105,105,105,105,105,105,105,105,105,105,105,105,420,105,210,210,105,105
80,3.6,6.3,3.6,0.7,1.6,2.3,3,2.4,1.8,2.5,1.7,1,2.4,3.2,0.5,0.9,2.5,3,1.8,3.6,108,108,108,108,108,108,108,108,108,108,108,108,108,108,218,108,215,215,108,108
81,3.7,6.4,3.5,0.8,1.8,2.2,3,1.9,1.9,2.4,1.6,1,2.6,3.1,0.5,1,1.9,2.8,1.8,3.5,111,111,111,111,111,112,111,112,111,111,112,111,111,111,223,111,223,223,111,111
82,3.6,5.8,2.9,0.6,1.9,3,3.7,2.2,1.6,3,2.1,1.2,3,3.7,0.4,0.9,3.1,3.3,1.9,5.1,101,101,101,101,101,101,202,101,101,101,101,101,101,101,404,101,202,202,101,101
83,1.6,2.5,1.3,0.3,1.2,2,2.8,1.7,1.2,2,1.3,0.8,1.6,2.1,0.3,0.8,2.2,2.8,1.3,2.9,101,101,101,101,101,101,202,101,101,101,101,101,101,101,404,101,202,202,101,101
84,1.6,2.5,1.4,0.3,1.2,1.8,2.9,1.7,1.3,2.3,1.3,0.9,1.6,2,0.3,0.7,2.3,3,1.2,2.9,101,101,101,101,101,101,202,101,101,101,101,101,101,101,404,101,202,202,101,101
85,1.6,2.6,1.5,0.3,1.2,1.8,3,1.7,1.2,2.2,1.3,0.7,1.5,2.1,0.3,0.8,2.3,3.2,1.3,3.1,101,101,101,101,101,101,202,101,101,101,101,101,101,101,404,101,202,202,101,101
86,1.6,2.5,1.4,0.3,1.2,1.8,2.8,1.7,1.2,2.2,1.3,0.8,1.7,2.2,0.3,0.7,2.3,3.2,1.3,2.8,101,101,101,101,101,101,202,101,101,101,101,101,101,101,404,101,202,202,101,101
87,1.6,2.4,1.3,0.3,1.2,1.7,2.9,1.5,1.3,2,1.2,0.8,1.7,2.1,0.3,0.7,2.2,3.2,1.2,2.7,101,101,101,101,101,101,202,101,101,101,101,101,101,101,404,101,202,202,101,101
88,1.5,2.4,1.3,0.3,1.2,1.7,2.8,1.5,1.2,2.3,1.2,0.8,1.5,2.1,0.3,0.7,2.2,2.9,1.2,2.7,101,101,101,101,101,101,202,101,101,101,101,101,101,101,404,101,202,202,101,101
89,1.6,2.3,1.5,0.3,1.3,1.9,2.9,1.6,1.1,2.1,1.3,0.8,1.6,2,0.3,0.6,2.1,3,1.2,2.6,101,101,101,101,101,101,202,101,101,101,101,101,101,101,404,101,202,202,101,101
90,1.6,2.3,1.3,0.3,1.2,1.8,2.9,1.6,1.2,2.2,1.3,0.7,1.5,2.2,0.3,0.8,2.2,3,1.3,2.7,101,101,101,101,101,101,202,101,101,101,101,101,101,101,404,101,202,202,101,101
91,1.6,2.4,1.3,0.3,1.3,1.8,2.8,1.6,1.3,2.1,1.2,0.7,1.6,2.2,0.3,0.7,2.2,3.1,1.3,2.8,101,101,101,101,101,101,202,101,101,101,101,101,101,101,404,101,202,202,101,101
92,1.6,2.4,1.3,0.3,1.3,1.7,2.9,1.6,1.2,2,1.2,0.8,1.6,2.2,0.3,0.9,2.2,3.1,1.2,2.7,101,101,101,101,101,101,202,101,101,101,101,101,101,101,404,101,202,202,101,101
93,1.5,2.5,1.4,0.3,1.3,1.8,2.9,1.6,1.4,2.3,1.3,0.8,1.6,2.1,0.4,0.7,2.1,2.9,1.2,2.8,101,101,101,101,101,101,202,101,101,101,101,101,101,101,404,101,202,202,101,101
94,2.3,3.2,1.6,0.4,1.6,2.5,4.2,2.2,1.3,2.6,1.7,1,2.3,3,0.3,0.8,2.3,3.9,1.8,4.2,101,101,101,101,101,101,202,101,101,101,101,101,101,101,404,101,202,202,101,101
95,2.5,4.7,2.3,0.6,3.2,4.9,6,4,2.4,5,2.9,1.8,3.9,5.7,0.6,1.5,2.7,6.2,3.7,8.6,91,91,91,91,91,91,91,91,91,91,91,91,91,91,273,91,91,91,91,91
96,2.1,4.7,2.4,0.4,3.1,5,6.1,4,2.3,5.3,3,1.8,3.6,5.6,0.6,1.6,2.1,6.9,3.5,9,91,91,91,91,91,91,91,91,91,91,91,91,91,91,273,91,91,91,91,91
97,2,4.8,2.3,0.4,2.9,4.8,6.2,4,2.3,4.8,2.9,1.7,3.5,5.6,0.6,1.7,2.1,6.9,3.6,8.3,91,91,91,91,91,91,91,91,91,91,91,91,91,91,273,91,91,91,91,91
98,2.1,4.7,2.4,0.4,3,4.8,6.1,3.9,2,5,2.9,1.7,3.5,5.8,0.6,1.8,2.1,7.2,3.7,8.7,91,91,91,91,91,91,91,91,91,91,91,91,91,91,273,91,91,91,91,91
99,2.1,4.7,2.2,0.4,3.1,4.6,5.9,3.9,2.2,4.8,2.9,1.7,3.4,5.8,0.6,1.6,2,7,3.6,8.8,91,91,91,91,91,91,91,91,91,91,91,91,91,91,273,91,91,91,91,91
100,2,4.5,2.3,0.4,2.9,4.7,6.1,3.9,2.4,4.7,2.8,1.8,3.5,5.8,0.6,1.8,2,6.9,3.6,8.2,91,91,91,91,91,91,91,91,91,91,91,91,91,91,273,91,91,91,91,91
101,2,4.6,2.3,0.4,2.9,4.4,6,3.8,2.4,4.5,2.7,1.7,3.3,5.8,0.7,1.6,1.9,6.5,3.8,8.3,91,91,91,91,91,91,91,91,91,91,91,91,91,91,273,91,91,91,91,91
102,2,4.5,2.3,0.4,3,4.5,6,3.8,2.2,4.4,2.7,1.7,3.3,5.8,0.6,1.7,2,6.5,3.8,8.3,91,91,91,91,91,91,91,91,91,91,91,91,91,91,273,91,91,91,91,91
103,2,4.5,2.3,0.4,2.9,4.5,6,3.9,2.2,4.6,2.8,1.7,3.1,5.7,0.6,1.7,1.9,6.8,3.7,8.6,91,91,91,91,91,91,91,91,91,91,91,91,91,91,273,91,91,91,91,91
104,2.1,4.6,2.2,0.4,3,4.6,6.1,3.8,2.3,4.6,2.8,1.7,3.2,5.9,0.6,1.8,2,7.2,3.8,8.2,91,91,91,91,91,91,91,91,91,91,91,91,91,91,273,91,91,91,91,91
105,2,4.5,2.2,0.4,2.8,4.5,6.1,3.9,2.1,4.4,2.8,1.7,3,5.8,0.6,1.8,2,7.3,3.7,8.2,91,91,91,91,91,91,91,91,91,91,91,91,91,91,273,91,91,91,91,91
106,2,5.2,2.2,0.4,3.1,4.6,6.1,5.5,2.1,5.7,3,2.4,3,6.1,0.8,1.9,2,7.4,4.1,8.2,90,90,90,90,90,90,90,90,90,90,90,90,90,90,272,90,90,90,90,90
107,2.1,4.7,2.1,0.4,3.2,4.4,3.2,6.1,1.4,6.3,3.1,2.4,2.3,3.9,0.8,1.3,1.2,2.7,2.4,3.6,81,81,81,81,81,81,81,81,81,81,81,81,81,81,404,81,81,81,162,81
108,2.1,4.2,2.1,0.4,3.2,4.2,2.8,6.1,1.3,6.3,3,2.4,2.5,3.4,0.8,1.4,1.3,3,2,3.3,81,81,81,81,81,81,81,81,81,81,81,81,81,81,404,81,81,81,162,81
109,2,4.2,2.1,0.4,3.1,4.3,2.8,6.3,1.4,6.8,3.1,2.5,2.5,3.4,0.8,1.4,1.4,3.3,2,3.1,81,81,81,81,81,81,81,81,81,81,81,81,81,81,404,81,81,81,162,81
110,2.1,4.2,2,0.4,3.1,4.3,2.9,6.2,1.5,6.6,3,2.5,2.7,3.5,0.7,1.4,1.4,3.2,2,3.2,81,81,81,81,81,81,81,81,81,81,81,81,81,81,404,81,81,81,162,81
111,2,4.3,2,0.4,3,4.2,3,6.1,1.4,6.5,3,2.5,2.7,3.5,0.8,1.4,1.3,3.1,2.1,3.6,81,81,81,81,81,81,81,81,81,81,81,81,81,81,404,81,81,81,162,81
112,2.1,4.3,2.1,0.4,3.2,4.2,3,6.3,1.4,6.7,3,2.5,2.7,3.6,0.8,1.3,1.3,3.3,2,3.7,81,81,81,81,81,81,81,81,81,81,81,81,81,81,404,81,81,81,162,81
113,2.1,4.1,2.2,0.4,3.1,4.3,3,6.2,1.4,7.1,3,2.5,2.8,3.6,0.7,1.4,1.3,3.2,2,3.3,81,81,81,81,81,81,81,81,81,81,81,81,81,81,404,81,81,81,162,81
114,2.1,4.2,2.1,0.4,3,4.2,3,6.3,1.4,6.7,2.9,2.6,2.8,3.6,0.7,1.4,1.3,3.3,2.1,3.4,81,81,81,81,81,81,81,81,81,81,81,81,81,81,404,81,81,81,162,81
115,2.1,4.2,2.5,0.4,3.2,6.4,2.9,6.2,1.4,6.7,3.4,2.5,2.9,3.6,0.8,1.3,2.2,3.6,1.9,6.3,80,81,80,80,80,81,81,80,81,81,81,80,81,81,404,80,76,81,161,81
116,2.7,2.7,3.4,0.4,3.1,8.6,3.8,6.4,1.6,6.9,4.1,2.5,2.4,2.5,0.8,1,2.9,8.7,2.1,9.2,71,71,71,71,71,71,71,71,71,71,71,71,71,71,141,71,71,71,141,71
117,2.7,2.7,3.4,0.4,3.1,8.1,3.8,6.4,1.6,6.8,4,2.5,2.2,2.5,0.8,1.1,2.8,8.6,2,9.4,71,71,71,212,71,71,71,71,71,71,71,71,71,71,71,71,71,71,141,71
118,2.6,2.6,3.4,0.4,3,8,3.7,6.2,1.8,6.9,3.8,2.4,2.2,2.5,0.8,1,2.8,8.1,2,8.8,71,71,71,212,71,71,71,71,71,71,71,71,71,71,71,71,71,71,141,71
119,2.6,2.5,3.4,0.4,3,8,3.7,6.2,1.6,6.6,3.9,2.4,2.2,2.5,0.9,1,2.7,7.9,1.8,8.7,71,71,71,212,71,71,71,71,71,71,71,71,71,71,71,71,71,71,141,71
120,2.6,2.5,3.2,0.4,3,7.9,3.6,6.3,1.7,6.5,3.8,2.4,2.1,2.6,0.8,1,2.7,7.8,1.8,8.7,71,71,71,212,71,71,71,71,71,71,71,71,71,71,71,71,71,71,141,71
121,2.5,2.6,3.2,0.4,2.9,7.7,3.6,6.1,1.5,6.4,3.7,2.4,2.2,2.6,0.7,1,2.7,7.6,1.8,8.8,71,71,71,212,71,71,71,71,71,71,71,71,71,71,71,71,71,71,141,71
122,2.6,2.5,3.2,0.4,2.8,7.8,3.6,6.1,1.6,6.5,3.8,2.3,2.1,2.6,0.7,1,2.7,7.6,1.8,8.7,71,71,71,212,71,71,71,71,71,71,71,71,71,71,71,71,71,71,141,71
123,2.5,2.6,3,0.4,2.7,7.7,3.6,6.1,1.5,6.4,3.6,2.4,2.2,2.9,0.7,1,2.7,7.1,1.4,7.9,71,71,71,212,71,71,71,71,71,71,71,71,71,71,71,71,71,71,141,71
124,2.6,3,3.7,0.4,3.3,8.8,5.8,7.5,2.7,7.8,4.1,2.9,4.9,5.7,1,1.3,3.3,8,3.2,10,67,67,67,67,61,67,61,64,67,64,67,64,64,64,61,64,61,67,130,67
125,0.9,1.1,1.1,0.3,2.1,3,4.3,3.6,1.1,4.2,1.1,1.4,1.5,1.6,0.7,0.7,2.3,4,1.2,3.8,61,61,121,182,61,61,61,61,121,61,61,61,61,121,242,61,61,61,121,61
126,0.9,1.3,1.1,0.3,1.9,2.9,4.6,3.6,1,3.7,1.1,1.4,1.9,2,0.7,0.7,2.6,4.2,1.2,3.7,61,61,121,182,61,61,61,61,121,61,61,61,61,61,61,61,61,61,121,61
127,0.9,1.1,1.2,0.3,1.8,3.3,4.5,3.7,0.9,4.3,1.1,1.3,1.9,2.2,0.7,0.6,2.5,4.5,1.4,3.5,61,61,121,182,61,61,61,61,121,61,61,61,61,61,61,61,61,61,121,61
128,0.9,1.1,1,0.3,1.9,2.9,4.2,3.5,1.2,3.6,1,1.4,1.9,2.1,0.7,0.6,2.4,4.1,1.3,3.2,61,61,121,182,61,61,61,61,121,61,61,61,61,61,242,61,61,61,121,61
129,0.8,1.2,1.1,0.3,1.9,2.8,4.4,3.5,0.9,3.7,1,1.3,1.8,2.3,0.7,0.6,2.5,3.9,1.3,3.1,61,61,121,182,61,61,61,61,121,61,61,61,61,61,61,61,61,61,121,61
130,0.9,1.1,1.1,0.3,2,3.1,4.4,3.5,0.8,4.2,1.1,1.3,1.9,2.1,0.7,0.6,2.5,4.1,1.2,3.4,61,61,121,182,61,61,61,61,121,61,61,61,61,61,242,61,61,61,121,61
131,0.8,1.1,1,0.3,1.9,2.8,4.3,3.6,1,3.8,1,1.4,2,2,0.7,0.7,2.5,4,1.2,3.2,61,61,121,182,61,61,61,61,121,61,61,61,61,61,242,61,61,61,121,61
132,0.9,1.1,1,0.3,1.9,2.8,4.6,3.7,0.8,3.9,1.1,1.4,1.8,2.1,0.7,0.7,2.5,4,1.2,3.4,61,61,121,182,61,61,61,61,121,61,61,61,61,61,242,121,61,61,121,61
133,0.9,1.1,1,0.3,1.8,3.2,4.3,3.4,0.8,3.5,1,1.3,1.9,2.1,0.7,1,2.4,4.3,1.2,3.3,61,61,121,182,61,61,61,61,121,61,61,61,61,61,242,61,61,61,121,61
134,0.8,1.1,1,0.3,1.9,2.7,4.2,3.5,0.9,3.5,0.9,1.3,1.8,2.1,0.6,0.9,2.5,3.9,1.2,3.1,61,61,121,182,61,61,61,61,121,61,61,61,61,61,242,121,61,61,121,61
135,0.9,1,1,0.3,1.8,3,4.5,3.5,1,3.8,1,1.4,1.8,2.2,0.7,0.7,2.5,4.1,1.2,3.2,61,61,121,182,61,61,61,61,121,61,61,61,61,61,242,121,61,61,121,61
136,1,1.2,1.1,0.3,1.9,3,4.6,3.6,0.9,3.9,1,1.4,1.9,2,0.7,0.7,2.5,4.2,1.1,3.2,61,61,121,182,61,61,61,61,121,61,61,61,61,61,242,61,61,61,121,61
137,0.9,1,1,0.3,1.9,3.1,4.3,3.7,0.7,4.2,0.9,1.5,1.9,2.1,0.7,0.8,2.5,4,1.2,2.7,61,61,121,182,61,61,61,61,121,61,61,61,61,61,242,61,61,61,121,61
138,0.9,1.1,1.1,0.3,1.8,3,4.6,3.5,0.8,4.3,1,1.3,1.8,2.2,0.7,0.9,2.6,4.4,1.2,2.8,61,61,121,182,61,61,61,61,121,61,61,61,61,61,242,61,61,61,121,61
139,0.9,1.1,1,0.3,1.9,2.9,4.3,3.7,0.7,4.1,1,1.4,2,2.2,0.6,0.8,2.4,4.3,1.2,2.7,61,61,121,182,61,61,61,61,121,61,61,61,61,61,242,61,61,61,121,61
140,0.9,1.1,1.1,0.3,1.9,3,4.5,3.6,0.8,3.9,1,1.4,1.9,2.5,0.7,0.7,2.4,4.5,1.2,2.7,61,61,121,182,61,61,61,61,121,61,61,61,61,61,242,61,61,61,121,61
141,0.9,1,1,0.3,1.9,3.1,4.5,3.6,1,3.9,1,1.4,2.1,2.3,0.7,0.8,2.5,4.2,1.2,2.9,61,61,121,182,61,61,61,61,121,61,61,61,61,61,242,61,61,61,121,61
142,0.8,1.1,1.4,0.3,2.5,2.7,4,3.2,1.2,3.3,1,1.2,1.8,2.1,0.7,1,2.3,4,1.6,2.9,60,60,121,182,60,60,60,60,4,60,60,60,60,61,60,60,60,60,121,60
143,0.8,1.4,1.8,0.4,3.4,2.8,3.3,2,1.1,2,1.1,0.8,1.9,1.4,0.5,0.7,1.8,3.2,1.4,3.6,56,25,55,56,56,56,55,56,6,55,52,55,102,102,4,55,52,56,102,102
144,0.5,0.9,1.1,0.2,1.6,1.8,2.7,1.2,1.3,1.2,0.9,0.5,1.8,1.1,0.3,0.6,1.7,2.9,0.9,3.1,252,101,101,151,50,101,50,202,5,101,101,101,101,101,50,50,50,101,101,101
145,0.5,0.8,1,0.2,1.5,1.4,2.4,1.1,0.8,1.3,0.8,0.4,1.3,1,0.3,0.5,1.4,2.4,1,2.2,101,101,101,151,51,101,51,202,101,101,101,101,101,101,101,51,51,101,101,101
146,0.5,0.8,1.1,0.2,1.4,1.5,2.5,1.1,0.7,1.2,0.7,0.4,1.3,1,0.3,0.7,1.5,2.6,0.9,2.1,101,101,101,152,51,101,51,202,101,101,101,101,101,101,50,4,101,101,101,101
147,0.5,0.7,1,0.2,1.4,1.5,2.3,1,0.9,1.1,0.7,0.4,1.2,0.9,0.3,0.6,1.4,2.3,0.9,1.9,101,101,101,151,51,101,51,202,101,101,101,101,101,101,51,50,101,101,101,101
148,0.6,0.8,1,0.2,1.5,1.5,2.5,1.2,0.8,1.4,0.8,0.4,1.3,1,0.4,0.6,1.5,2.7,0.9,1.9,101,101,101,152,50,101,50,202,101,101,101,101,101,101,51,50,50,101,101,101
149,0.7,1.4,2.1,0.2,1.7,2.5,3.9,1.6,1.4,2.3,1.2,0.8,6,2.5,0.5,1.2,2.6,6.6,2.4,6.2,50,100,100,151,50,50,50,202,4,100,50,100,93,93,50,47,50,92,93,93
150,0.8,1.2,1.6,0.3,1.2,2.1,3.4,2.3,1.5,2.7,0.9,0.9,6.5,2.5,0.5,1.5,2.2,7,2.5,5.8,81,41,81,81,43,81,81,40,81,40,81,40,81,81,241,40,81,81,87,87
151,0.8,1.1,1.5,0.2,0.8,1.9,3.2,2.4,1.2,2.1,0.9,0.8,3.5,2.1,0.5,1.3,1.9,5,1,2.6,81,40,81,121,81,81,81,40,81,40,81,40,81,81,242,40,81,81,81,40
152,0.8,1,1.4,0.3,0.8,1.8,3.1,2.1,1.5,2.2,0.8,0.8,3.5,2,0.5,1.2,1.7,5,1,2.5,81,40,81,81,81,81,81,40,81,40,81,40,81,81,243,40,81,81,81,40
153,0.7,1,1.4,0.3,0.8,1.7,2.9,2.2,1.7,2.6,0.8,0.8,3.4,2,0.5,1.2,1.6,4.6,1.1,2.6,81,40,81,121,81,81,81,40,81,40,81,40,81,81,242,40,81,81,81,40
154,0.8,1,1.4,0.2,0.8,1.7,3,2.2,1.3,2.4,0.8,0.9,3.4,2,0.4,1.2,1.6,5,1,2.6,81,40,81,81,81,81,81,40,81,40,81,40,81,81,404,40,81,81,81,40
155,0.7,1.1,1.5,0.3,0.9,1.7,3,2.3,1.3,2.4,0.8,0.9,3.5,2.1,0.4,1.3,1.7,4.5,1,2.5,81,40,81,121,81,81,81,40,81,40,81,40,81,81,404,40,81,81,81,40
156,0.9,1.9,2.9,0.3,1.4,3.2,4,6.4,2.1,6.6,1.7,2.4,2.9,3.8,0.5,1.2,1.9,6.5,1.6,12.6,67,35,67,101,68,67,35,34,67,34,67,34,77,67,134,34,72,72,134,34
157,1,1.5,2.6,0.2,1.4,2.4,2.9,4.5,1.8,4.8,1.2,1.7,2.6,3.8,0.4,1,3.2,6.4,0.9,9.7,60,60,60,91,60,60,60,60,60,60,60,60,60,60,271,30,60,60,91,60
158,0.7,0.8,1.5,0.2,1.1,1.4,3,2.5,1.5,2.7,0.7,1,1.6,2.4,0.4,0.9,3.4,7.2,1,6.4,61,61,61,91,61,61,61,61,61,61,61,61,61,61,273,30,61,61,273,61
159,0.7,0.8,1.5,0.2,1,1.5,3,2.6,1.1,2.8,0.7,1,1.5,2.7,0.4,1,3.6,7.1,0.9,7.1,61,61,61,91,61,61,61,61,61,61,61,61,61,61,273,30,61,61,273,61
160,0.6,0.9,1.4,0.2,1.1,1.2,3,2.7,1.1,2.7,0.7,1,1.5,2.4,0.4,1.1,3.7,7,1,6.3,61,61,61,91,61,61,61,61,61,61,61,61,61,61,273,30,61,61,273,61
161,0.6,0.9,1.5,0.5,1,1.2,2.9,2.4,1.4,2.7,0.6,0.9,1.4,2.3,0.3,1.1,3.5,7,1,6,61,61,61,4,61,61,61,61,61,61,61,61,61,61,273,30,61,61,273,61
162,0.6,0.9,1.4,0.2,1,1.2,3.3,2.4,1.3,3.1,0.6,0.9,1.3,2.2,0.3,1,4,7.6,0.9,6,61,30,61,91,61,61,61,61,61,61,61,61,61,61,273,30,61,61,273,61
163,0.6,0.8,1.5,0.2,1.1,1.2,3.1,2.5,1.1,2.9,0.7,1,1.3,2.3,0.3,1,3.9,8,0.9,6,61,30,61,91,61,61,61,61,61,61,61,61,61,61,273,30,61,61,273,61
164,0.6,0.8,1.4,0.2,0.9,1,3.1,2.4,1,2.4,0.7,1.1,1.3,2.1,0.4,1,3.7,7.6,0.8,5.2,61,30,61,91,61,61,61,30,61,61,61,30,61,61,273,30,61,61,273,61
165,0.6,0.8,1.4,0.2,1,1,3,2.3,1,2.5,0.6,0.9,1.3,2.2,0.4,1,3.7,7.3,0.8,4.9,61,30,61,91,61,61,61,30,61,30,61,30,61,61,273,30,61,61,273,61
166,0.6,0.8,1.4,0.2,1,1.1,3.2,2.4,1,2.6,0.6,1,1.2,2,0.3,1,3.9,7.9,0.8,5,61,30,61,91,61,61,61,30,61,30,61,30,61,61,273,30,61,61,273,61
167,0.6,0.8,1.3,0.2,0.9,1.1,3.1,2.2,1.1,2.7,0.6,0.9,1.3,2.2,0.3,1.1,3.7,7.8,0.8,5.1,61,30,61,91,61,61,61,30,61,30,61,30,61,61,273,30,61,61,273,61
168,0.6,0.8,1.5,0.2,1.3,1.1,3.3,2.4,1,2.6,0.6,0.9,1.2,2.1,0.3,1,3.8,8.1,0.8,5.1,61,30,61,91,61,61,61,30,61,30,61,30,61,61,273,30,61,61,273,61
169,0.6,0.8,1.4,0.2,1.1,1.2,3.3,2.4,1.1,2.7,0.6,1,1.2,2,0.3,0.9,3.9,8.4,0.8,5.3,61,30,61,91,61,61,61,30,61,30,61,30,61,61,273,30,61,61,273,61
170,0.6,0.7,1.3,0.2,1,1.3,3.2,2.3,1.1,2.5,0.6,0.9,1.3,2.2,0.3,1,4,8.4,0.7,5.3,61,30,61,91,61,61,61,30,61,30,61,30,61,61,273,30,61,61,273,61
171,0.6,0.7,1.5,0.2,0.9,1.2,3.1,2.3,0.9,2.4,0.6,0.9,1.3,2.1,0.3,1,3.8,7.9,0.8,5.3,61,30,61,91,61,61,61,30,61,30,61,30,61,61,273,30,61,61,273,61
172,0.6,0.8,1.4,0.2,0.9,1.1,3.2,2.2,1.1,2.4,0.5,0.9,1.2,2,0.4,1.1,4,7.7,0.8,4.9,61,30,61,91,61,61,61,30,61,30,61,30,61,61,273,30,61,61,273,61
173,0.5,0.8,1.3,0.2,0.9,1.1,3.3,2.4,1,2.4,0.6,0.9,1.2,2,0.3,1,4.1,7.8,0.8,4.7,61,30,61,91,61,61,61,30,61,30,61,30,61,61,273,30,61,61,273,61
174,0.6,0.8,1.5,0.2,0.9,1.1,3.1,2.4,1,2.6,0.6,0.9,1.3,2.2,0.3,1,3.8,7.7,0.7,4.9,61,30,61,91,61,61,61,30,61,30,61,30,61,61,273,30,61,61,273,61
175,0.6,0.8,1.5,0.2,0.9,1,3.1,2.4,1.1,2.8,0.6,0.9,1.2,2,0.4,1.1,3.8,7.9,0.7,4.9,61,30,61,91,61,61,61,30,61,30,61,30,61,61,273,30,61,61,273,61
176,0.5,0.8,1.3,0.2,0.9,1.1,3.2,2.4,1.1,2.5,0.6,0.9,1.2,2,0.4,1.1,3.9,7.7,0.8,5,61,30,61,91,61,61,61,30,61,30,61,30,61,61,273,30,61,61,273,61
177,0.6,0.8,1.4,0.2,0.9,1.1,3.3,2.4,1.4,2.5,0.6,0.9,1.2,2.1,0.4,1,4,8,0.9,4.9,61,30,61,91,61,61,61,30,61,30,61,30,61,61,273,30,61,61,273,61
178,0.5,0.8,1.3,0.2,0.8,1.1,3.2,2.2,1.1,2.6,0.6,0.9,1.2,2,0.3,1,3.9,7.8,0.9,4.7,61,30,61,91,61,61,61,30,61,30,61,30,61,61,273,30,61,61,273,61
179,0.5,0.8,1.3,0.2,0.9,1.2,3.3,2.2,1,2.5,0.6,0.9,1.1,2,0.3,1,4,8.2,0.8,4.7,61,30,61,91,61,61,61,30,61,30,61,30,61,61,273,30,61,61,273,61
180,0.5,0.8,1.5,0.2,0.8,1,3.1,2.4,1,2.6,0.6,0.9,1.2,2,0.3,1,4,7.6,0.8,4.7,61,30,61,91,61,61,61,30,61,30,61,30,61,61,272,30,61,61,272,61
181,0.6,0.8,1.4,0.2,0.9,1.1,3.1,2.4,1.2,2.4,0.6,0.9,1.1,2,0.3,1.1,3.8,8.2,0.8,4.6,61,30,61,91,61,61,61,30,61,30,61,30,61,61,273,30,61,61,273,61
182,0.5,0.8,1.3,0.2,0.8,1.1,3.5,2.3,1.3,2.5,0.6,0.9,1.2,1.9,0.4,0.9,4.1,8.3,0.7,4.6,61,30,61,91,61,61,61,30,61,30,61,30,61,61,272,30,61,61,272,61
183,0.5,0.9,1.4,0.2,0.9,1.1,3.3,2.3,1,2.4,0.6,0.9,1.1,2.1,0.4,1,4.1,7.9,0.8,4.9,61,30,61,91,61,61,61,30,61,30,61,30,61,61,272,30,61,61,272,61
184,0.6,0.8,1.4,0.2,0.9,1.2,3.1,2.3,0.9,2.5,0.6,0.9,1.1,2.2,0.4,0.9,4,7.9,0.8,4.8,61,30,61,91,61,61,61,30,61,30,61,30,61,61,273,30,61,61,273,61
185,0.5,0.8,1.4,0.2,0.9,1.1,3.3,2.2,1,2.4,0.6,0.9,1.2,2,0.3,0.9,4,8.2,0.7,4.3,61,30,61,91,61,61,61,30,61,30,61,30,61,61,272,30,61,61,272,61
186,0.5,0.7,1.4,0.2,0.9,1.1,3.4,2.4,1.1,2.4,0.6,0.9,1.2,2.1,0.3,1,3.9,8.1,0.8,4.8,61,30,61,91,61,61,61,30,61,30,61,30,61,61,273,30,61,61,273,61
187,0.6,0.8,1.4,0.2,0.9,1.1,3.3,2.3,1,2.5,0.6,0.9,1.2,2.1,0.3,0.9,4.2,7.8,0.7,4.9,61,30,61,91,61,61,61,30,61,30,61,30,61,61,273,30,61,61,121,61
188,0.5,0.9,1.3,0.2,0.9,1,3.4,2.4,1,2.8,0.5,0.9,1.1,2,0.3,1.1,4.2,7.9,0.7,4.5,61,30,61,91,61,61,61,30,61,30,61,30,61,61,272,30,61,61,272,61
189,0.5,0.8,1.4,0.2,0.8,0.9,3.3,2.3,1,2.8,0.5,0.9,1.2,1.9,0.3,1.1,4.1,8.3,0.7,4.5,61,30,61,91,61,61,61,30,61,30,61,30,61,61,272,30,61,61,272,61
190,0.5,0.8,1.4,0.2,0.9,1.1,3.2,2.4,1.1,2.6,0.6,0.9,1.2,2,0.4,1.1,4,7.5,0.7,4.8,61,30,61,91,61,61,61,30,61,30,61,30,61,61,273,30,61,61,273,61
191,0.5,0.8,1.4,0.2,1,1.1,3.3,2.4,1.3,2.5,0.6,0.9,1.1,2,0.3,1,4.4,7.9,0.8,4.8,61,30,61,91,61,61,61,30,61,30,61,30,61,61,272,30,61,61,272,61
192,0.5,0.8,1.3,0.2,1,1.1,3.3,2.5,0.9,2.5,0.6,0.9,1.2,2,0.3,1.1,4,8.1,0.8,4.7,61,30,61,91,61,61,61,30,61,30,61,30,61,61,272,30,61,61,121,61
193,0.5,0.8,1.3,0.2,0.9,1.1,3.4,2.3,1,2.4,0.7,0.9,1.2,2,0.4,1,3.9,8.3,0.7,5,61,30,61,91,61,61,61,30,61,30,61,30,61,61,272,30,61,61,272,61
194,0.5,0.8,1.3,0.2,0.9,1,3.3,2.3,1.1,2.4,0.5,0.9,1.1,2.1,0.3,1,4.1,7.4,0.7,4.6,61,30,61,91,61,61,61,30,61,30,61,30,61,61,273,30,61,61,121,61
195,0.6,0.8,1.4,0.2,0.8,1,3.2,2.4,0.9,2.5,0.6,0.9,1.1,2,0.3,1,4.1,8.3,0.8,4.5,61,30,61,91,61,61,61,30,61,30,61,30,61,61,273,30,61,61,121,61
196,0.5,0.8,1.5,0.2,1,1,3.2,2.4,0.9,2.8,0.5,0.9,1.2,1.9,0.4,1,3.9,7.6,0.8,4.4,61,30,61,91,61,61,61,30,61,30,61,30,61,61,273,30,61,61,273,61
197,0.4,0.8,1.4,0.2,0.9,1.1,3.2,2.3,0.9,2.8,0.5,0.9,1.2,2,0.4,1,4,7.5,0.7,4.9,61,30,61,91,61,61,61,30,61,30,61,30,61,61,272,30,61,61,272,61
198,0.5,0.8,1.4,0.2,0.9,1,3.4,2.4,1,2.7,0.5,0.9,1.2,2,0.4,1,4.3,7.6,0.8,4.9,61,30,61,91,61,61,61,30,61,30,61,30,61,61,272,30,61,61,272,61
199,0.5,0.9,1.4,0.2,0.9,1,3.3,2.3,1,2.6,0.5,0.9,1.2,2,0.4,1.1,4,8.1,0.6,4.9,30,30,61,91,61,61,61,30,61,30,61,30,61,61,272,30,61,61,121,61
200,0.5,0.9,1.4,0.2,0.8,1,3.2,2.3,1,2.4,0.6,0.9,1.2,2.1,0.3,1,4,7.3,0.8,5,61,30,61,91,61,61,61,30,61,30,61,30,61,61,273,30,61,61,121,61
201,0.5,0.9,1.3,0.2,0.8,1.2,3.4,2.3,1.5,2.5,0.6,0.9,1.1,1.9,0.4,0.9,4.3,8.1,0.7,4.8,61,30,61,91,61,61,61,30,61,30,61,30,61,61,272,30,61,61,121,61
202,0.5,0.8,1.5,0.2,0.9,1.2,3.4,2.5,1.1,2.6,0.6,1,1.2,2.1,0.3,1,4.3,8.8,0.7,5.2,30,30,61,91,61,61,61,30,61,30,61,30,61,61,272,30,61,61,272,61
203,0.5,0.9,1.3,0.2,1,1.1,3.2,2.3,1,2.6,0.6,1,1.2,2,0.3,1.1,4.1,7.7,0.8,5.2,61,30,61,91,61,61,61,30,61,30,61,30,61,61,272,30,61,61,272,61
204,0.9,1.4,2.1,0.2,1.5,1.8,2.8,4.8,1.5,5,1,1.8,2.3,3.3,0.4,1.1,3.1,6.1,1,9,63,31,61,75,61,61,61,31,61,31,61,31,61,61,273,31,61,61,273,31
205,0.7,1.9,2.2,0.2,1.2,2.2,3.6,5.5,2,5.8,1.4,2.1,2.2,2.7,0.6,1.1,1.5,5.9,1.5,9.7,69,34,69,103,138,34,34,34,34,34,69,34,69,69,138,34,69,69,138,34
206,0.6,1.9,2.2,0.2,1.1,2,3.3,4.8,1.8,5,1.3,1.8,2.1,2.3,0.6,1.1,1.3,5.2,1.5,8.3,69,34,69,103,137,69,34,34,34,34,69,34,69,69,137,34,69,69,137,34
207,0.7,1.9,2.3,0.2,1.2,2.1,3.6,4.6,1.9,4.7,1.3,1.8,2.1,2.4,0.6,1.2,1.6,5.5,1.5,8.2,69,34,69,103,137,69,34,34,69,34,69,34,69,69,137,34,69,69,137,34
208,0.7,2.1,2.2,0.2,1.2,2.1,3.5,4.7,1.8,4.8,1.3,1.9,2.1,2.3,0.6,1.2,1.5,5.8,1.6,8.3,69,34,69,103,137,69,34,34,69,34,69,34,69,69,137,34,69,69,137,34
209,0.7,2.1,2.3,0.2,1.1,1.9,3.3,4.5,1.7,4.7,1.2,1.7,2.2,2.3,0.6,1.3,1.4,5,1.5,8,69,34,69,103,137,69,34,34,69,34,69,34,69,69,137,34,69,69,137,34
210,0.6,1.9,2.3,0.2,1.1,2,3.4,4.5,1.8,4.7,1.3,1.8,2.2,2.4,0.6,1.1,1.4,5.2,1.5,7.9,69,34,69,103,137,69,34,34,69,34,69,34,69,69,137,34,69,69,137,34
211,0.7,2.1,2.3,0.2,1.1,2.1,3.6,4.5,1.9,4.8,1.3,1.7,2.2,2.3,0.6,1.2,1.4,5.4,1.6,8,69,34,69,103,137,69,34,34,69,34,69,34,69,69,137,34,69,69,137,34
212,0.7,1.9,2.2,0.2,1.1,2.1,3.6,4.3,2.1,4.6,1.3,1.7,2.2,2.4,0.6,1.1,1.5,5.6,1.5,7.8,69,69,69,103,137,69,34,34,69,34,69,34,69,69,137,34,69,69,137,34
213,0.7,1.5,2,0.2,0.9,1.6,3.6,3.6,1.5,4,0.9,1.4,2.4,2.1,0.5,1,1.6,7.5,1.3,6.8,72,37,72,38,76,76,72,36,4,36,75,36,76,75,142,37,72,72,142,36
214,0.7,1,1.3,0.2,0.7,1.4,2.9,2.3,1.4,2.3,0.7,0.9,2.3,1.9,0.4,1.1,1.4,4.2,0.8,3.1,77,38,77,115,77,77,77,38,77,38,77,38,77,77,230,38,77,77,307,38
215,0.7,1.1,1.3,0.2,0.7,1.3,2.9,2.3,1.2,2.3,0.7,0.9,2.4,1.8,0.3,1.1,1.5,4.5,0.8,3.2,77,38,77,115,77,77,77,38,77,38,77,38,77,77,230,38,77,77,153,38
216,0.7,1.1,1.4,0.2,0.7,1.4,3,2.4,1.2,2.3,0.8,0.9,2.5,1.9,0.4,1.1,1.6,4.5,0.7,3.1,77,38,77,115,75,77,77,38,77,38,77,38,77,77,230,38,77,77,153,38
217,0.7,1.1,1.4,0.2,0.7,1.3,2.8,2.4,1.1,2.4,0.7,0.9,2.4,1.8,0.4,1.1,1.5,3.9,0.8,3.1,77,38,77,115,77,77,77,38,77,38,77,38,77,77,230,38,77,77,153,38
218,0.7,1.1,1.4,0.2,0.7,1.3,2.7,2.3,1,2.3,0.7,0.9,2.4,1.8,0.4,1.1,1.4,3.7,0.8,3.2,77,38,77,115,77,77,77,38,77,38,77,38,77,77,230,38,77,77,153,38
219,0.7,1.2,1.3,0.2,0.7,1.3,2.7,2.1,1,2.3,0.7,0.9,2.6,1.8,0.4,1.2,1.4,3.7,0.9,3.1,77,39,77,115,77,77,77,39,77,39,77,39,77,77,230,39,77,77,154,39
220,0.6,0.8,1.1,0.2,0.9,1.2,2.5,1.8,1.4,2.1,0.6,0.8,3.6,1.8,0.4,1.5,1.7,5.1,1.2,2.4,85,42,85,127,42,42,42,42,4,42,42,42,85,42,42,42,85,85,85,85
221,0.7,0.7,1,0.2,0.9,1.2,2.3,1.8,1.1,2,0.5,0.6,3.7,1.3,0.4,1.3,1.7,5.1,1.4,2.4,85,42,85,127,42,85,85,42,85,42,42,42,85,85,42,42,85,85,85,85
222,0.7,0.8,1,0.3,0.9,1.2,2.5,1.4,1.1,1.9,0.5,0.6,3.7,1.4,0.4,1.5,1.8,5.4,1.2,2.7,85,42,85,127,42,85,85,42,85,42,42,42,85,85,42,42,85,85,85,85
223,0.7,0.7,1,0.3,1,1.2,2.5,1.4,1.1,1.9,0.6,0.7,3.8,1.4,0.4,1.5,1.8,5.3,1.2,2.6,85,42,85,127,42,85,85,42,85,42,42,42,85,85,42,42,85,85,85,85
224,0.6,0.8,1,0.2,1,1.1,2.2,1.3,1.1,1.7,0.5,0.7,3.9,1.3,0.4,1.4,1.6,4.5,1.2,2.4,85,42,85,127,42,85,85,42,85,42,42,42,85,85,42,42,85,85,85,85
225,0.7,0.9,0.9,0.2,1,1.3,2.5,1.4,1.2,1.7,0.5,0.7,4,1.5,0.5,1.3,1.8,5.5,1.3,2.6,85,42,85,127,42,85,85,42,85,42,42,42,85,85,42,42,85,85,85,85
226,0.6,0.9,1,0.2,0.9,1.2,2.4,1.4,1.1,1.8,0.5,0.7,4.4,1.4,0.4,1.4,2,5.5,1.3,3.1,85,42,85,127,42,85,85,42,85,42,42,42,85,85,42,42,85,85,85,85
227,0.7,1.1,1.8,0.3,1.3,1.8,3.6,1.3,1.2,1.9,0.8,0.7,5.7,1.9,0.5,1.1,2.7,8.2,2.1,6,232,46,92,139,46,92,92,45,4,92,92,45,89,92,132,45,92,92,89,92
228,0.7,1.2,1.8,0.3,1.3,1.8,3.6,1.1,1.1,1.7,0.8,0.6,3.7,1.9,0.4,0.9,2.6,6.9,1.7,4.8,232,232,93,139,93,93,93,93,93,93,93,93,93,93,139,46,93,93,93,93
229,0.7,1.1,1.8,0.3,1.4,1.9,3.5,1.1,1,1.8,0.9,0.7,3.9,1.9,0.5,0.9,2.5,6.8,1.8,4.8,232,232,93,139,232,93,93,93,93,93,93,93,93,93,139,46,93,93,93,93
230,0.6,1.1,1.9,0.3,1.4,1.8,3.4,1.1,0.9,1.6,0.8,0.6,3.8,1.8,0.5,0.9,2.5,6.1,1.8,4.5,232,232,93,139,232,93,93,93,93,93,93,93,93,93,139,46,93,93,93,93
231,0.7,1.1,1.9,0.2,1.5,1.9,3.3,1.1,1.1,1.7,0.9,0.6,4,1.8,0.4,0.9,2.4,5.6,1.8,4.5,232,232,93,232,232,93,93,93,93,93,93,93,93,93,139,46,93,93,93,93
232,0.7,1.2,1.8,0.3,1.4,2.1,3.5,1.1,1,1.9,1,0.7,4.1,2,0.5,0.9,2.5,6.1,1.8,4.7,232,232,93,232,232,93,93,93,93,93,93,93,93,93,139,46,93,93,93,93
233,0.7,1.3,1.9,0.3,1.5,2.1,3.5,1.2,1.1,1.8,1,0.6,4,1.9,0.4,0.9,2.5,6.2,1.7,4.8,232,232,93,232,232,93,93,93,93,93,93,93,93,93,139,46,93,93,93,93
234,0.7,1.3,1.8,0.3,1.5,2.1,3.5,1.2,1.2,1.8,1,0.6,4.1,1.9,0.5,1,2.6,6.2,1.9,4.9,232,232,93,232,232,93,93,93,93,93,93,93,93,93,139,46,93,93,93,93
235,0.7,1.2,1.8,0.3,1.6,2.5,3.6,1.3,1.2,1.9,1.2,0.7,4.1,2,0.4,1,2.5,6,1.8,4.9,233,233,94,140,48,94,47,94,5,94,94,94,94,94,140,47,93,93,93,94
236,0.5,0.8,0.9,0.2,1.3,1.5,2.4,1.1,0.7,1.4,0.8,0.5,1.8,1.1,0.2,0.5,1.7,3.4,1,2.5,101,101,101,152,51,101,50,202,101,101,101,101,101,101,455,101,101,101,101,101
237,0.5,0.7,0.9,0.2,1.4,1.4,2.1,1,0.7,1.4,0.8,0.4,1.4,1,0.3,0.6,1.4,2.7,0.8,1.9,252,50,101,151,50,101,50,202,101,101,101,101,101,101,454,4,101,101,101,101
238,0.4,0.7,0.9,0.2,1.4,1.4,2.1,1,0.9,1.2,0.7,0.4,1.4,0.9,0.3,0.5,1.4,2.5,0.8,1.9,252,101,101,151,50,101,50,202,101,101,101,101,101,101,454,50,101,101,101,101
239,0.5,0.8,0.9,0.2,1.5,1.4,2.4,1,0.7,1.1,0.7,0.5,1.4,1,0.3,0.5,1.6,3,0.9,1.9,252,101,101,151,50,101,50,202,101,101,101,101,101,101,454,101,101,101,101,101
240,0.4,0.8,0.9,0.2,1.3,1.5,2.2,1,0.6,1,0.7,0.4,1.4,0.9,0.3,0.5,1.5,2.5,0.9,2,101,101,101,151,50,101,50,202,101,101,101,101,101,101,151,101,101,101,101,101
241,0.5,0.8,0.9,0.2,1.5,1.6,2.1,1.1,0.8,1.2,0.8,0.5,1.5,0.9,0.2,0.5,1.5,2.8,0.9,2.3,101,101,101,151,50,101,50,202,101,101,101,101,101,101,454,101,101,101,101,101
242,0.8,1,1.5,0.3,2.5,2.2,3,1.5,0.8,1.7,1,0.6,1.9,1.4,0.4,0.6,1.9,3.6,1.2,3.2,53,53,53,53,53,53,53,53,5,53,53,53,104,53,53,53,53,75,108,104
243,0.8,1,1.5,0.3,2.6,2.3,3,1.8,0.8,1.8,1,0.7,1.6,1.4,0.5,0.6,1.9,3.6,1.3,3.3,55,109,109,164,55,109,55,55,109,109,109,109,109,109,218,55,218,109,109,109
244,0.7,1.1,1.5,0.3,2.5,2.2,2.9,1.4,0.6,1.8,1,0.6,1.6,1.4,0.4,0.6,1.9,3.4,1.2,2.7,54,109,109,163,54,109,54,54,109,109,109,109,109,109,218,54,218,109,109,109
245,0.8,1,1.6,0.3,2.6,2.4,3,1.3,0.6,1.4,1,0.6,1.6,1.4,0.5,0.6,1.8,3.3,1.3,2.4,54,109,109,163,54,109,54,54,109,109,109,109,109,109,218,54,218,109,109,109
246,0.7,0.9,1.6,0.3,2.6,2.2,2.7,1.3,0.7,1.5,1,0.6,1.5,1.3,0.4,0.6,1.7,2.9,1.2,2.2,54,109,109,163,54,109,54,54,109,109,109,109,109,109,218,55,218,109,109,109
247,0.7,0.8,1.6,0.3,2.6,2.2,2.7,1.2,0.8,1.6,0.9,0.6,1.5,1.3,0.4,0.7,1.6,2.3,1.4,2.3,55,109,109,163,54,109,54,54,109,109,109,109,109,109,218,54,218,109,109,109
248,0.7,0.9,1.7,0.3,2.6,2.6,2.8,1.4,0.7,1.8,1,0.6,1.5,1.4,0.5,0.7,1.6,3.3,1.2,2.4,54,109,109,163,54,109,54,55,109,109,109,109,109,109,218,55,218,109,109,109
249,0.7,1,1.7,0.3,2.8,2.4,2.8,1.3,0.8,1.5,1,0.6,1.5,1.4,0.5,0.6,1.7,2.9,1.2,2.7,55,109,109,164,55,109,55,55,109,109,109,109,109,109,218,55,218,109,109,109
250,0.8,1.2,1.8,0.3,3.4,3,3.5,2.3,0.9,2.4,1,0.9,1.6,1.6,0.5,0.7,1.9,3.8,1.5,3,57,58,57,57,57,58,58,58,116,58,57,58,58,58,58,58,58,58,117,58
251,0.9,1.3,1.7,0.3,3,2.8,3.4,2.5,0.8,2.8,0.9,1,1.6,1.7,0.5,0.7,1.8,3.4,1.3,3.2,234,234,117,176,59,59,59,59,117,59,117,59,117,117,410,117,59,59,117,59
252,1,1.2,1.7,0.3,2.8,3,3.7,2.6,0.7,2.7,0.9,1,1.6,1.7,0.5,0.9,1.9,3.7,1.4,2.9,234,234,117,176,59,59,59,59,117,59,117,59,117,117,410,117,59,59,117,117
253,1,1.1,1.7,0.3,2.8,3.1,3.6,2.6,0.7,2.8,0.9,1,1.6,1.7,0.5,0.8,1.9,4,1.3,3.1,234,234,117,176,59,59,59,59,117,59,117,59,117,117,410,117,59,59,117,59
254,1,1.2,1.7,0.3,2.8,3.2,3.7,2.6,0.8,2.9,0.9,1.1,1.6,1.6,0.5,0.8,1.9,3.8,1.3,3.6,234,234,117,176,59,59,59,59,117,59,117,59,117,117,410,117,59,59,117,59
255,0.9,1.2,1.7,0.3,3,2.8,3.4,2.6,1,3,0.9,1,1.6,1.5,0.6,0.7,1.8,3.2,1.3,3.2,59,234,117,176,59,59,59,59,117,59,117,59,117,117,410,117,59,59,117,59
256,0.9,1.1,1.7,0.4,3,2.9,3.5,2.7,0.9,2.8,0.9,1.2,1.5,1.5,0.6,0.9,1.8,3.2,1.4,2.9,59,234,117,176,59,59,59,59,117,59,117,59,117,117,410,117,59,59,117,59
257,1,1.2,1.7,0.4,2.9,3.1,3.6,2.8,0.9,3.3,0.9,1.1,1.7,1.7,0.6,0.8,1.9,3.7,1.4,2.9,59,234,117,176,59,59,59,59,117,59,59,59,59,117,59,59,59,59,117,59
258,1.1,1.3,2,0.4,2,3.6,5.1,6.3,2.3,6.5,1.5,2.4,4.8,6,0.9,1.5,3.1,3.6,2.5,4.1,62,62,62,188,62,62,62,62,62,62,62,62,62,62,62,62,62,62,125,62
259,1,1.2,1.9,0.3,1.2,3.3,5,6.2,2.3,6.7,1.5,2.4,4.8,5.8,0.9,1.2,2.8,3.3,2.5,4.1,63,63,63,188,63,63,63,63,63,63,63,63,63,63,125,63,63,63,125,63
260,1.1,1.2,2.1,0.3,1.3,3.7,5.2,6.3,2.3,6.7,1.6,2.4,4.6,5.8,0.9,1.4,3,3.8,2.5,4.2,63,63,63,188,63,63,63,63,63,63,63,63,63,63,125,63,63,63,125,63
261,1,1.3,2.1,0.3,1.3,3.6,5.1,6.3,2.2,6.7,1.6,2.4,4.7,5.8,0.9,1.3,2.9,3.9,2.5,4.3,63,63,63,188,63,63,63,63,63,63,63,63,63,63,125,63,63,63,125,63
262,1,1.2,2.1,0.3,1.3,3.5,5.2,6.4,2.2,6.8,1.6,2.4,4.6,5.6,0.9,1.3,2.9,3.8,2.5,4.5,63,63,63,188,63,63,63,63,63,63,63,63,63,63,125,63,63,63,125,63
263,1,1.2,2.1,0.3,1.3,3.9,5.3,6.5,2.2,7.1,1.7,2.5,4.5,5.7,0.8,1.3,2.9,4,2.5,5,63,63,63,188,63,63,63,63,63,63,63,63,63,63,125,63,63,63,125,63
264,1.1,1.9,3.4,0.3,1.3,4.5,5.3,7.3,2.6,7.7,2.2,2.7,4.8,5.9,1,1.4,2.9,5.3,3,7.2,63,63,64,188,63,63,63,63,63,63,63,63,63,63,63,63,63,64,126,63
265,1.3,2.2,4.1,0.3,1.8,4.6,4.5,7.6,2.3,7.7,2.7,2.8,3.8,4.2,1.2,1.5,2.9,6.8,3.2,8.2,67,133,67,200,133,67,67,67,67,67,67,67,67,67,133,133,67,67,133,67
266,2.6,3,4.3,0.4,3.4,9.2,5.3,7.5,2.6,7.6,4.3,2.8,4.1,4.4,1.1,1.5,3.2,8.2,3.1,9.1,67,133,67,67,67,67,67,67,67,67,67,67,67,67,133,133,67,67,133,67
267,2.7,3,3.9,0.4,3.6,9.9,5.3,7.1,2.5,7.6,4.8,2.7,4.1,4.5,1.1,1.4,3.2,8.5,2.9,9.5,67,133,67,67,67,67,67,67,67,67,67,67,67,67,133,133,67,67,133,67
268,2.8,3.1,3.9,0.4,3.6,10,5.4,7.3,2.4,7.6,4.8,2.7,4.1,4.4,1.1,1.5,3.2,9,3,10.1,67,133,67,67,67,67,67,67,67,67,67,67,67,67,133,133,67,67,133,67
269,2.9,3,4,0.4,3.7,10.1,5.5,7.3,2.5,7.6,4.8,2.8,4.1,4.3,1.1,1.5,3.3,9,3.1,9.9,67,133,67,67,67,67,67,67,67,67,67,67,67,67,133,133,67,67,133,67
270,2.9,3.1,4.1,0.4,3.7,10.2,5.4,7.3,2.4,7.8,4.9,2.8,4,4.5,1.2,1.4,3.2,9.3,3.1,10.2,67,133,67,67,67,67,67,67,67,67,67,67,67,67,133,133,67,67,133,67
271,3,3.1,4,0.4,3.7,10.3,5.3,7.2,2.4,7.4,5,2.8,3.9,4.3,1.1,1.5,3.3,9.1,3,10,67,133,67,67,67,67,67,67,67,67,67,67,67,67,133,133,67,67,133,67
272,2.8,3.2,3.9,0.4,3.6,10.1,5.3,7,2.5,7.3,4.9,2.7,3.7,4.1,1.1,1.4,3.2,9.8,2.8,9.7,68,68,68,68,68,68,68,68,67,68,68,68,67,67,134,67,68,68,134,68
273,2.6,2.5,3.3,0.4,3,8.2,3.8,6.3,1.5,6.7,3.9,2.4,2.2,2.5,0.8,1,2.8,9,2.1,7.5,71,71,71,71,71,71,71,71,71,71,71,71,71,71,141,71,71,71,141,71
274,2.6,2.6,3.4,0.4,2.9,8,3.7,6.2,1.8,6.6,3.9,2.5,2.1,2.3,0.8,1,2.8,8.7,2,7.6,71,71,71,212,71,71,71,71,71,71,71,71,71,71,141,71,71,71,141,71
275,2.7,2.6,3.3,0.4,3,8.3,3.9,6.4,1.7,6.5,4,2.5,2,2.3,0.8,1,2.9,9.4,2,7.2,71,71,71,212,71,71,71,71,71,71,71,71,71,71,141,71,71,71,141,71
276,2.8,2.6,3.5,0.4,3.1,8.4,4,6.3,1.6,6.9,4.1,2.5,2.1,2.3,0.8,1,3,9.4,2,7.6,71,71,71,212,71,71,71,71,71,71,71,71,71,71,141,71,71,71,141,71
277,2.8,2.7,3.5,0.4,3,8.5,4,6.5,1.6,7,4.1,2.5,2.2,2.3,0.9,1,3,9.7,2.2,7.5,71,71,71,71,71,71,71,71,71,71,71,71,71,71,141,71,71,71,141,71
278,2.8,2.6,3.4,0.5,3.1,8.8,4,6.4,1.5,6.9,4.2,2.6,2.1,2.3,0.8,1.1,3.1,9.6,2.1,7.7,71,71,71,71,71,71,71,71,71,71,71,71,71,71,141,71,71,71,141,71
279,2.8,2.5,3.5,0.4,3,8.7,4,6.5,1.7,7,4.2,2.5,2.2,2.2,0.9,1.1,3.1,9.6,2.2,7.8,71,71,71,212,71,71,71,71,71,71,71,71,71,71,141,71,71,71,141,71
280,2.7,2.6,3.3,0.4,3.1,8.5,3.9,6.4,1.5,6.7,4.1,2.5,2.1,2.2,0.8,1,3,9.8,2,7.1,72,73,72,72,73,72,72,73,72,72,72,73,72,72,72,73,72,72,143,72
281,2.3,2,2.6,0.4,2.9,6.1,2.3,6.1,1,6.6,3.4,2.3,0.7,1.6,0.7,0.8,2.3,3.6,1.7,5.3,75,75,75,75,75,75,75,75,75,75,75,75,149,75,224,75,75,75,299,75
282,2.2,1.9,2.7,0.4,2.9,6.1,2.2,6.2,0.9,6.5,3.4,2.4,0.8,1.5,0.7,1,2.2,3.5,1.6,5,75,75,75,75,75,75,75,75,75,75,75,75,149,75,224,75,75,75,149,75
283,2.2,2,2.6,0.4,2.9,6.2,2.3,6.1,0.8,6.9,3.4,2.4,0.9,1.5,0.7,0.9,2.2,3.5,1.5,5,75,75,75,75,75,75,75,75,75,75,75,75,149,75,224,75,75,75,149,75
284,2.3,2,2.7,0.3,3,6.4,2.3,6.1,0.9,6.4,3.5,2.4,0.9,1.5,0.7,1,2.2,3.7,1.5,4.9,75,75,75,75,75,75,75,75,75,75,75,75,149,75,224,75,75,75,149,75
285,2.3,2,2.7,0.4,2.9,6.2,2.5,6.3,0.9,6.4,3.4,2.4,0.9,1.5,0.7,0.9,2.4,4.3,1.6,5.1,75,75,75,75,75,75,75,75,75,75,75,75,149,75,224,75,75,75,149,75
286,2.3,1.9,2.9,0.3,2.9,6.2,2.6,6.6,1,6.6,3.5,2.5,0.9,1.6,0.7,0.9,2.4,4.6,1.6,5.3,75,75,75,75,75,75,75,75,75,75,75,75,149,75,224,75,75,75,149,75
287,2.3,2.3,2.7,0.3,3,6.1,2.3,6.3,0.9,6.7,3.4,2.5,1.3,1.9,0.8,1.1,2.3,4.3,1.8,5,75,76,75,75,76,75,75,75,76,75,75,75,400,76,76,76,75,75,150,75
288,2.2,3,2.3,0.4,3.2,4.5,1.8,6.3,1.1,6.6,3,2.4,1.9,2.7,0.8,1.3,1.6,2.2,1.8,3.6,79,79,79,79,79,79,473,79,79,79,79,79,79,79,157,79,79,79,157,79
289,2.2,3,2.2,0.4,3.2,4.3,1.9,6.1,1.1,6.3,3,2.4,1.9,2.7,0.8,1.4,1.6,2.6,1.8,3.5,79,79,79,79,79,79,472,79,79,79,79,79,79,79,157,79,79,315,157,79
290,2.2,3,2.3,0.4,3,4.3,1.9,6.2,1,6.5,2.9,2.5,1.9,2.7,0.8,1.3,1.6,2.7,1.8,3.3,79,79,79,79,79,79,472,79,79,79,79,79,79,79,157,79,79,315,157,79
291,2.2,3,2.3,0.4,3,4.4,1.8,6.2,1,6.2,3,2.5,1.8,2.6,0.8,1.4,1.6,2.7,1.7,3.6,79,79,79,79,79,79,472,79,79,79,79,79,79,79,394,79,79,315,157,79
292,2.2,3,2.3,0.4,2.9,4.4,1.9,6.3,1,6.5,3,2.5,1.9,2.7,0.8,1.3,1.6,2.9,1.7,3.7,79,79,79,79,79,79,472,79,79,79,79,79,79,79,79,79,79,315,157,79
293,2.2,3.1,2.3,0.4,2.9,4.3,1.9,6.2,1.1,6.4,3,2.4,1.8,2.7,0.8,1.4,1.6,2.7,1.8,4.1,79,79,79,79,79,79,472,79,79,79,79,79,79,79,79,79,79,315,157,79
294,2.1,3.6,2.3,0.4,3.1,4.4,2.3,6.5,1.2,6.6,3,2.4,2.2,3.2,0.8,1.3,1.6,2.5,1.9,3.9,79,79,79,79,79,79,79,79,79,79,79,79,79,79,158,79,79,79,158,79
295,2.2,5.3,2.1,0.4,3.3,4.3,3.8,6.2,1.5,6.5,3,2.5,2.7,4.5,0.8,1.4,1.4,3.4,2.6,2.7,82,82,82,248,82,82,82,82,82,82,82,82,82,82,165,82,82,82,82,82
296,2,5.3,1.8,0.5,3.3,4.4,4.1,6.2,1.6,6.4,3.1,2.5,2.4,4.6,0.8,1.4,1.3,3.5,2.9,2.5,83,83,83,248,83,83,83,83,83,83,83,83,83,83,166,83,83,83,83,83
297,2,5.2,1.9,0.4,3.4,4.3,4,6,1.8,6.4,3,2.4,2.4,4.6,0.7,1.4,1.3,3.6,2.9,2.5,83,83,83,248,83,83,83,83,83,83,83,83,83,83,166,83,83,83,83,83
298,2,5.4,2,0.4,3.4,4.4,4,6.1,1.7,6.7,3.1,2.4,2.3,4.5,0.8,1.4,1.2,3.5,2.8,2.4,83,83,83,248,83,83,83,83,83,83,83,83,83,83,166,83,83,83,83,83
299,2,5.4,1.9,0.4,3.4,4.3,4,5.9,1.8,6.4,3.1,2.4,2.1,4.6,0.7,1.4,1.2,3.3,2.9,2.4,83,83,83,248,83,83,83,83,83,83,83,83,83,83,166,83,83,83,83,83
300,2,5.3,1.9,0.4,3.5,4.4,3.9,6.1,1.7,6.6,3.1,2.4,2.1,4.6,0.7,1.4,1.2,3.6,2.9,2.4,83,83,83,248,83,83,83,83,83,83,83,83,83,83,166,83,83,83,83,83
301,2,5.3,2,0.4,3.5,4.4,4,6.9,1.7,6.4,3,2.4,2.1,4.5,0.8,1.4,1.1,3.3,2.8,2.5,83,83,83,248,83,83,83,83,83,83,83,83,83,83,166,83,83,83,83,83
302,2,5.6,2,0.5,3.5,4.5,4.5,6,1.9,6.3,3.1,2.4,2.1,5,0.7,1.4,1.3,3.6,3,2.9,83,83,83,249,83,83,83,83,83,83,83,83,83,83,166,83,166,83,83,83
303,1.6,5.4,1.8,0.4,3,4.3,5.4,5,2.2,5.3,2.8,2,1.6,6,0.8,1.6,1.8,5.9,3.9,4.9,87,87,87,87,87,87,87,87,87,87,87,87,86,87,173,87,87,87,87,87
304,1.6,5.2,1.9,0.4,2.8,4.3,5.3,4.6,2,5,2.8,1.9,1.3,5.8,0.8,1.6,1.9,6.2,3.9,4.8,87,87,87,87,87,87,87,87,87,87,87,87,87,87,174,87,87,87,87,87
305,1.7,5.3,1.8,0.4,2.9,4.5,5.6,4.6,2,4.9,2.8,1.9,1.5,5.9,0.8,1.6,1.9,6.3,3.9,5.4,87,87,87,87,87,87,87,87,87,87,87,87,87,87,174,87,87,87,87,87
306,1.7,5.1,1.9,0.4,2.9,4.5,5.6,4.6,2.1,5,2.8,1.9,1.4,5.9,0.8,1.7,1.9,6.3,3.9,5.4,87,87,87,87,87,87,87,87,87,87,87,87,87,87,174,87,87,87,87,87
307,1.6,5.2,1.8,0.4,2.9,4.5,5.5,4.6,2.3,4.9,2.8,1.9,1.5,5.8,0.8,1.6,1.9,6.4,3.9,4.9,87,87,87,87,87,87,87,87,87,87,87,87,87,87,174,87,87,87,87,87
308,1.7,5.1,1.9,0.4,2.8,4.4,5.4,5.3,2.3,5.2,2.8,1.9,1.4,5.9,0.8,1.6,1.9,6.3,3.9,4.9,87,87,87,87,87,87,87,87,87,87,87,87,87,87,174,87,87,87,87,87
309,1.7,5.1,2,0.3,2.8,4.5,5.6,4.5,1.9,5,2.8,1.9,2,5.9,0.8,1.6,2,7,4,5.4,87,87,87,87,87,87,87,87,87,87,87,87,87,87,174,87,87,87,87,87
310,2,5.1,2.3,0.4,2.5,4.9,5.8,4.2,2.1,4.7,2.8,1.8,3.5,6,0.9,1.8,2.2,7.6,4.3,7.3,90,90,90,90,90,90,90,90,90,90,90,90,90,90,272,90,90,90,90,90
311,2,4.8,2.4,0.4,2.7,4.9,5.7,4.1,2.1,4.7,2.9,1.8,3.7,5.5,0.8,1.7,2,7.1,4,7.1,91,91,91,91,91,91,91,91,91,91,91,91,91,91,273,91,182,91,91,91
312,2,4.7,2.6,0.5,2.8,4.9,6,4,2.2,5.2,2.9,1.8,3.8,5.6,0.8,1.8,1.7,7.5,4,7.3,91,91,91,91,91,91,91,91,91,91,91,91,91,91,273,91,182,91,91,91
313,2,4.8,2.5,0.5,2.8,4.9,5.8,4.1,2.1,5.3,2.9,2,3.9,5.6,0.8,1.7,1.8,7.4,4,7.5,91,91,91,91,91,91,91,91,91,91,91,91,91,91,273,91,182,91,91,91
314,1.9,4.7,2.6,0.4,2.8,4.8,5.8,4,2.1,4.9,2.9,1.8,4.1,5.6,0.8,1.8,1.6,6.7,4.1,7.9,91,91,91,91,91,91,91,91,91,91,91,91,91,91,273,91,182,91,91,91
315,2,4.8,2.6,0.4,2.8,5,5.9,4.1,2.2,5,2.9,1.9,4.1,5.6,0.9,2,1.6,7,4.2,7.8,91,91,91,91,91,91,91,91,91,91,91,91,91,91,273,91,182,91,91,91
316,2,4.8,2.4,0.4,2.9,4.9,5.7,4.1,2,4.8,2.9,1.9,4.2,5.4,0.8,1.8,1.7,7.4,4.3,8.1,91,91,91,91,91,91,91,91,91,91,91,91,91,91,273,91,182,91,91,91
317,2.3,4.7,2.5,0.5,3,5,5.7,3.9,2.1,4.6,3,1.8,4.2,5.3,0.7,1.8,1.9,7,3.8,8.5,93,93,93,93,93,93,93,93,93,93,93,93,93,93,93,93,93,93,93,93
318,2.2,4.1,2.2,0.5,2.8,4.1,5.3,3.3,2,4.3,2.6,1.5,3.6,4.7,0.6,1.4,1.9,5.9,2.9,6.5,95,95,95,95,95,95,95,95,95,95,95,95,95,95,285,95,190,190,95,95
319,2.3,4.1,2.3,0.5,2.7,4.1,5.3,3.3,2.1,4.3,2.6,1.5,3.7,4.6,0.7,1.4,1.9,5.3,3,6.2,95,95,95,95,95,95,95,95,95,95,95,95,95,95,285,95,190,190,95,95
320,2.3,4,2.4,0.7,3,4.3,5.3,3.3,2,4.1,2.6,1.6,3.8,4.5,0.7,1.5,1.9,6,2.9,6.4,95,95,95,95,95,95,95,95,95,95,95,95,95,95,285,95,190,190,95,95
321,2.3,4.1,2.4,0.5,2.9,4.3,5.4,3.4,2.2,4.6,2.7,1.6,3.8,4.5,0.7,1.3,1.9,5.9,3,6.1,95,95,95,95,95,95,95,95,95,95,95,95,95,95,285,95,190,190,95,95
322,2.4,4.2,2.4,0.5,3.1,4.3,5.4,3.5,2,4.2,2.6,1.6,4,4.6,0.6,1.5,1.9,5.9,2.9,6,95,95,95,95,95,95,95,95,95,95,95,95,95,95,285,95,190,190,95,95
323,2.2,4,2.4,0.4,2.8,4.2,5.2,3.5,2,4.7,2.7,1.6,3.8,4.4,0.7,1.4,1.9,5.5,3,6,95,95,95,95,95,95,95,95,95,95,95,95,95,95,285,95,190,190,95,95
324,2.3,4.1,2.4,0.5,2.9,4.4,5.2,3.5,2.1,4.6,2.7,1.7,3.9,4.5,0.7,1.6,2,5.6,2.9,6,95,95,95,95,95,95,95,95,95,95,95,95,95,95,285,95,190,190,95,95
325,2.7,4.4,2.5,0.5,2.8,4.1,5.5,3.3,2,4.3,2.7,1.5,3.6,4.4,0.6,1.4,2.5,5.9,2.9,5.7,98,98,98,98,98,98,98,98,98,98,98,98,98,98,98,98,197,197,98,98
326,2.8,4.4,2.4,0.6,2.4,3.5,5.2,2.9,1.8,3.6,2.4,1.4,2.9,3.8,0.5,1.4,2.6,5.3,2.7,5,99,99,99,99,99,99,99,99,99,99,99,99,99,99,396,99,198,198,99,99
327,2.7,4.5,2.4,0.6,2.4,3.6,5,2.9,1.7,4.1,2.4,1.4,2.9,3.8,0.6,1.3,2.5,5.1,2.8,5,99,99,99,99,99,99,99,99,99,99,99,99,99,99,396,99,198,198,99,99
328,2.7,4.3,2.5,0.6,2.5,3.6,5,2.9,1.8,3.7,2.3,1.5,3,3.8,0.6,1.3,2.6,5,2.7,5.1,99,99,99,99,99,99,99,99,99,99,99,99,99,99,396,99,198,198,99,99
329,2.7,4.4,2.4,0.5,2.6,3.6,4.9,2.9,1.9,3.6,2.4,1.4,3,3.8,0.6,1.4,2.6,5.5,2.9,5.1,99,99,99,99,99,99,99,99,99,99,99,99,99,99,396,99,198,198,99,99
330,2.7,4.3,2.4,0.6,2.7,3.7,5,3,1.8,4,2.4,1.5,3.1,3.7,0.5,1.5,2.7,5.3,2.7,5,99,99,99,99,99,99,99,99,99,99,99,99,99,99,396,99,198,198,99,99
331,2.7,4.3,2.5,0.6,2.5,3.7,4.9,3.1,2,4.1,2.5,1.4,3.1,3.6,0.5,1.4,2.6,5,2.8,4.5,99,99,99,99,99,99,99,99,99,99,99,99,99,99,396,99,198,198,99,99
332,2.9,4.7,2.4,0.6,2.3,3.5,4.9,3.1,1.7,3.7,2.3,1.3,3.1,3.6,0.5,1.2,3.3,4.5,2.7,4.7,101,101,101,101,100,101,101,101,101,101,101,101,100,101,101,100,203,199,101,101
333,3.2,5.2,2.7,0.6,2.1,3.2,3.4,2.7,1.9,3.4,2.1,1.3,2.6,3.2,0.5,1.1,2.5,3.5,2.1,4.1,103,103,103,103,103,103,206,103,103,103,103,103,103,103,412,103,206,206,103,103
334,3.2,5.1,2.7,0.6,2,3,3.2,2.9,1.9,3.4,2.1,1.4,2.6,3.2,0.5,1.1,2.5,3.4,2.1,4.5,103,103,103,103,103,103,206,103,103,103,103,103,103,103,412,103,206,206,103,103
335,3.1,5.2,2.7,0.6,2.1,3,3.2,2.7,1.7,3.6,2.1,1.2,2.6,3.2,0.4,1.1,2.5,3.4,2.1,4.3,103,103,103,103,103,103,206,103,103,103,103,103,103,103,412,103,206,206,103,103
336,3.1,5.2,2.7,0.6,2.2,3.1,3.3,2.7,1.8,3.6,2.2,1.3,2.6,3.1,0.5,1.2,2.4,3.4,2.1,4.7,103,103,103,103,103,103,206,103,103,103,103,103,103,103,412,103,206,206,103,103
337,3.2,5.3,2.8,0.6,2.2,3.1,3.1,2.8,1.9,4.1,2.1,1.4,2.7,3.2,0.5,1.1,2.5,3.4,2.2,4.5,103,103,103,103,103,103,206,103,103,103,103,103,103,103,412,103,206,206,103,103
338,3.2,5.2,2.8,0.6,2.2,3.1,3.1,2.7,1.6,3.9,2.1,1.4,2.7,3.2,0.5,1.1,2.5,3.4,2.2,4.9,103,103,103,103,103,103,206,103,103,103,103,103,103,103,412,103,206,206,103,103
339,3.2,5.2,2.7,0.6,2.1,3.1,3.2,2.8,1.8,3.9,2.1,1.3,2.7,3.1,0.6,1.1,2.5,3.7,2.2,4.5,103,103,103,103,103,103,206,103,103,103,103,103,103,103,412,103,206,206,103,103
340,3.5,5.6,3,0.6,2.3,3.2,3.2,3,1.9,3.6,2.3,1.4,2.8,3.2,0.5,1.2,2.9,3.7,2.2,5,103,103,103,103,103,103,206,103,103,103,103,103,103,103,412,103,206,206,103,103
341,3.4,5.4,3.2,0.6,1.8,2.8,3,2.5,1.9,3.2,2,1.2,2.7,3,0.6,1.1,2.6,3.3,1.9,4.2,107,107,107,107,107,107,107,107,107,107,107,107,107,107,214,107,214,214,107,107
342,3.4,5.4,3.1,0.6,1.9,2.7,2.7,2.3,1.7,3.3,1.9,1.2,2.4,3,0.7,1.2,1.9,3.1,2,4.2,107,107,107,107,107,107,214,107,107,107,107,107,107,107,214,107,214,214,107,107
343,3.4,5.5,3.1,0.6,1.8,2.6,2.9,2.3,1.6,3.3,1.9,1.2,2.5,2.9,0.7,1.2,2,3.4,2.2,4.4,107,107,107,107,107,107,214,107,107,107,107,107,107,107,214,107,214,214,107,107
344,3.4,5.5,3.2,0.6,1.8,2.7,2.8,2.3,2,3.2,1.9,1.1,2.5,2.9,0.6,1,2.1,3.4,2.1,4.5,107,107,107,107,107,107,214,107,107,107,107,107,107,107,214,107,214,214,107,107
345,3.5,5.6,3.1,0.6,1.8,2.7,2.7,2.2,1.8,3,1.9,1.3,2.5,2.7,0.6,1,2,3.3,2.2,4.5,107,107,107,107,107,107,214,107,107,107,107,107,107,107,214,107,214,214,107,107
346,3.5,5.6,3.1,0.6,1.9,2.8,2.8,2.4,1.6,3.2,2,1.2,2.5,2.8,0.6,1.1,2.1,3.8,1.9,4.2,107,107,107,107,107,107,214,107,107,107,107,107,107,107,214,107,214,214,107,107
347,3.7,6.1,3.5,0.7,1.7,2.8,2.9,2.3,1.9,2.9,1.9,1.1,2.7,2.7,0.7,1.1,2.3,3.4,2,4.1,108,108,108,108,108,108,108,108,108,108,108,108,108,108,218,108,215,215,108,108
348,3.3,5.5,3.1,0.6,1,2.4,2.9,2,1.7,3,1.6,1.1,2.7,3.1,0.6,1.1,1.7,3,2.2,3.7,111,111,111,111,111,111,111,111,111,111,111,111,111,111,222,111,222,222,111,111
349,3,5.3,2.9,0.6,1,2.4,2.9,2,1.8,2.7,1.7,1,2.6,3.2,0.7,1.2,1.7,3.2,2.3,3.7,111,111,111,111,222,111,111,111,111,111,111,111,111,111,222,111,222,222,111,111
350,3,5.1,3,0.6,0.9,2.4,2.9,2,1.8,2.7,1.7,1,2.6,3.1,0.7,1.3,1.7,3.3,2.3,4,111,111,111,111,222,111,111,111,111,111,111,111,111,111,222,111,222,222,111,111
351,3,5.1,3,0.6,1,2.3,3.1,2,1.9,2.4,1.6,1,2.6,3.1,0.7,1.1,1.7,3.2,2,3.6,111,111,111,111,222,111,222,111,111,111,111,111,111,111,222,111,222,222,111,111
352,3.1,5,3,0.6,0.9,2.3,3,2,2,3,1.6,1.1,2.6,3,0.7,1.2,1.7,3.1,2.2,3.7,111,111,111,111,222,111,222,111,111,111,111,111,111,111,222,111,222,222,111,111
353,3,5,3,0.6,0.9,2.3,3.1,2,1.9,2.7,1.6,1,2.6,3.1,0.7,1.4,1.7,2.9,2.2,3.6,111,111,111,111,222,111,222,111,111,111,111,111,111,111,222,111,222,222,111,111
354,3.2,4.9,3,0.6,0.9,2.2,2.8,2.1,1.8,2.8,1.6,1,2.5,3.2,0.7,1.3,1.5,2.9,2.2,3.5,111,111,111,111,222,111,111,111,111,111,111,111,111,111,222,111,222,222,111,111
355,2.5,4.5,2.7,0.5,0.8,1.7,2.5,2,1.8,2.6,1.4,1,2.3,3.1,0.9,1.1,1.5,2.7,2.5,3.2,115,115,115,115,230,115,115,115,115,115,115,115,115,115,230,115,230,230,115,115
356,2.4,4.3,2.6,0.5,0.9,1.7,2.4,2,1.8,2.7,1.3,1.1,2.1,3.2,1,1,1.4,2.3,2.5,3.1,115,115,115,115,230,115,230,115,115,115,115,115,115,115,230,115,230,230,115,115
357,2.4,4.4,2.6,0.5,1,1.7,2.5,1.9,1.7,2.8,1.4,1,2,3,1,1.1,1.4,2.3,2.4,3.1,115,115,115,115,115,115,230,115,115,115,115,115,115,115,230,115,230,230,115,115
358,2.5,4.4,2.6,0.5,1.1,1.7,2.5,2,2,2.6,1.4,1.1,2,3.1,1,1,1.4,2.4,2.5,3.2,115,115,115,115,115,115,230,115,115,115,115,115,115,115,230,115,230,230,115,115
359,2.5,4.6,2.6,0.5,1,1.9,2.7,2,1.9,2.5,1.4,1,2,3,1,0.9,1.4,2.9,2.4,3,115,115,115,115,115,115,230,115,115,115,115,115,115,115,230,115,230,230,115,115
360,2.4,4.3,2.7,0.5,0.9,1.8,2.7,2.2,1.9,2.8,1.4,1,2.1,3.1,1,1,1.5,2.8,2.4,2.9,115,115,115,115,115,115,230,115,115,115,115,115,115,115,230,115,230,230,115,115
361,2.4,4.4,2.6,0.5,0.9,1.9,2.7,2.1,1.9,3.2,1.5,1.1,2.1,3,1,1.2,1.5,3,2.5,3.2,115,115,115,115,115,115,230,115,115,115,115,115,115,115,230,115,230,230,115,115
362,2.4,4.4,2.7,0.5,0.9,1.9,2.8,2.1,2,2.8,1.5,1.1,2,3.1,1,1.1,1.5,3.1,2.3,3.1,115,115,115,115,115,115,230,115,115,115,115,115,115,115,230,115,230,230,115,115
363,2.6,4.9,2.8,0.5,1.1,1.9,2.9,2.3,2.1,2.6,1.4,1.1,2,3.3,1.2,1,1.5,3.2,2.7,3.2,117,117,117,117,117,117,237,117,118,117,117,117,117,117,233,117,233,233,118,117
364,2.6,5.2,3,0.5,1.2,1.5,2.9,1.9,2.3,2.8,1.1,1.1,2.1,3.3,1.1,1.3,1.5,3,3,2.6,119,119,119,119,119,119,238,119,119,119,119,119,119,119,238,119,238,238,119,119
365,2.5,4.8,3,0.5,0.9,1.6,2.9,2,2,3,1.2,1.1,1.9,3.2,1.1,1,1.4,2.8,3,2.4,119,119,119,119,119,119,238,119,119,119,119,119,119,119,238,119,238,238,119,119
366,2.6,4.9,3,0.5,0.9,1.5,3.1,2,2.3,2.9,1.2,1.1,1.9,3.2,1.2,1.1,1.5,3,3.3,2.4,119,119,119,119,119,119,238,119,119,119,119,119,119,119,238,119,238,238,119,119
367,2.6,5,3,0.5,1.1,1.7,3.1,2,2,2.7,1.1,1,2,3.4,1.1,1.3,1.5,3,3.2,2.7,119,119,119,119,119,119,238,119,119,119,119,119,119,119,238,119,238,238,119,119
368,2.6,5.3,3.1,0.5,1,1.6,3.2,2.1,2,2.7,1.2,1.2,2.1,3.4,1.1,1.2,1.6,3.4,3.4,2.7,119,119,119,119,119,119,238,119,119,119,119,119,119,119,238,119,238,238,119,119
369,3,5.8,3.3,0.5,1.1,1.5,3.6,2.1,2,3,1.2,1.1,2.1,3.7,1.2,1,1.7,3.1,3.6,2.6,119,119,119,119,119,119,239,119,119,119,119,119,119,119,238,119,239,239,119,119
370,1.6,3.2,2.1,0.3,1,0.9,3.1,1.2,1.5,1.5,0.6,0.7,1.2,2.1,1,0.9,1.5,2.4,2.5,1.2,121,121,121,121,121,121,242,121,121,121,121,121,121,121,242,121,242,242,121,121
371,1.6,3.2,2.1,0.4,1,0.8,3.1,1.2,1.2,1.5,0.6,0.7,1.2,1.9,0.9,0.8,1.5,2.6,2.4,1.3,121,121,121,121,121,121,242,121,121,121,121,121,121,121,242,121,242,242,121,121
372,1.7,3.2,2.1,0.4,1.1,1,3,1.4,1.4,1.5,0.7,0.7,1.2,2.1,0.9,0.9,1.4,2.3,2.4,1.3,121,121,121,121,121,121,242,121,121,121,121,121,121,121,242,121,242,242,121,121
373,1.7,3.2,2.1,0.3,1.2,1,3.2,3.1,1.5,2,0.6,0.7,1.2,2,0.8,1,1.4,2.3,2.4,1.3,121,121,121,121,121,121,242,121,121,121,121,121,121,121,242,121,242,242,121,121
374,1.6,3.3,2.2,0.4,1.3,1.1,3.3,1.3,1.5,1.9,0.7,0.7,1.2,2,0.8,1,1.5,3,2.3,1.3,121,121,121,121,121,121,242,121,121,121,121,121,121,121,242,121,242,242,121,121
375,1.6,3.4,2.2,0.4,1.2,1,3.2,1.3,1.5,1.8,0.7,0.7,1.2,2,0.9,1,1.5,2.7,2.2,1.4,121,121,121,121,121,121,242,121,121,121,121,121,121,121,242,121,242,242,121,121
376,1.8,3.4,2.1,0.3,1.1,0.9,3.2,1.3,1.4,1.8,0.7,0.7,1.2,2,0.8,0.9,1.5,2.3,2.4,1.4,121,121,121,121,121,121,242,121,121,121,121,121,121,121,242,121,242,242,121,121
377,1.7,3.5,2.3,0.3,1.2,0.8,3.1,1.3,1.4,1.9,0.6,0.7,1.2,2,0.7,0.8,1.5,2.5,2.4,1.6,121,121,121,121,121,121,242,121,121,121,121,121,121,121,242,121,242,242,121,121
378,1.7,3.4,2.2,0.4,1.1,1,3.2,1.3,1.7,1.8,0.6,0.7,1.1,1.9,0.7,0.7,1.4,2.5,2.1,1.6,121,121,121,121,121,121,242,121,121,121,121,121,121,121,242,121,242,242,121,121
379,1.7,3.4,2.1,0.4,1.1,1.1,3.2,1.3,1.6,2.2,0.8,0.7,1.2,2,0.8,0.9,1.4,2.7,2.3,1.4,121,121,121,121,121,121,242,121,121,121,121,121,121,121,242,121,242,242,121,121
380,1.8,3.5,2.2,0.4,1.2,1.2,3.3,1.4,1.4,2,0.7,0.7,1.2,2,0.8,0.7,1.5,2.9,2.2,1.3,121,121,121,121,121,121,242,121,121,121,121,121,121,121,242,121,242,242,121,121
381,1.7,3.3,2.1,0.3,1,1,3.2,1.3,1.3,2,0.7,0.7,1.2,1.9,0.7,0.9,1.4,2.7,2.1,1.2,121,121,121,121,121,121,242,121,121,121,121,121,121,121,242,121,242,242,121,121
382,1.8,3.5,2.3,0.4,1,0.8,3.2,1.3,1.4,1.8,0.7,0.7,1.1,1.9,0.7,0.8,1.4,2.2,2.3,1.3,121,121,121,121,121,121,242,121,121,121,121,121,121,121,242,121,242,242,121,121
383,1.8,3.5,2.3,0.3,1.1,0.9,3.2,1.3,1.3,1.6,0.7,0.7,1.2,2,0.7,0.9,1.4,2.7,2.3,1.4,121,121,121,121,121,121,242,121,121,121,121,121,121,121,242,121,242,242,121,121
384,1.7,3.4,2.3,0.4,1,0.9,3.1,1.2,1.5,2,0.6,0.6,1.1,2,0.7,0.7,1.4,2.5,2.1,1.4,121,121,121,121,121,121,242,121,121,121,121,121,121,121,242,121,242,242,121,121
385,1.8,3.5,2.3,0.4,1.1,0.9,3.2,1.1,1.3,1.8,0.7,0.7,1.1,1.9,0.7,0.9,1.4,2.4,2.1,1.2,121,121,121,121,121,121,242,121,121,121,121,121,121,121,242,121,242,242,121,121
386,1.7,3.4,2.2,0.4,1.1,0.9,3.1,1.1,1.7,1.6,0.6,0.6,1.2,2.1,0.7,0.6,1.3,2.5,2.2,1.2,121,121,121,121,121,121,242,121,121,121,121,121,121,121,121,121,242,242,121,121
387,1.7,3.5,2.2,0.4,1.3,0.9,3.2,1.2,1.4,1.9,0.7,0.7,1.1,1.9,0.7,1,1.4,2.9,2.1,1.3,121,121,121,121,121,121,242,121,121,121,121,121,121,121,121,121,242,242,121,121
388,1.8,3.5,2.2,0.4,1.1,0.9,3.2,1.3,1.3,1.8,0.7,0.6,1.1,2,0.7,0.9,1.4,2.6,2.3,1.3,121,121,121,121,121,121,242,121,121,121,121,121,121,121,121,121,242,242,121,121
389,1.8,3.6,2.2,0.4,1,0.9,3.3,1.2,1.3,1.7,0.7,0.6,1.1,2.2,0.7,0.7,1.5,2.8,2.2,1.6,121,121,121,121,121,121,242,121,121,121,121,121,121,121,121,121,242,242,121,121
390,3.8,8.5,5.1,0.7,2.3,0.9,3.7,6,2.6,2.8,0.8,1.2,2.1,3.9,1,1.1,1.7,3,4.4,1.8,122,122,122,122,122,122,243,122,122,122,121,122,122,122,122,122,243,243,122,121
391,3.3,8.6,6.1,0.7,2.9,1.6,4.4,1.9,3.5,2.9,1.3,1.1,2.8,4.6,1.3,1.7,1.9,3,6.1,1.7,125,125,126,125,125,126,253,126,126,126,126,126,126,126,126,126,253,253,126,127
392,1.9,7.2,5.4,0.4,2.1,1.9,4.1,2,3.7,3,1.3,1.3,2.8,4.8,1.5,1.8,1.8,3,6.3,2.2,127,127,127,127,127,127,254,127,127,127,127,127,127,127,127,127,254,254,127,127
393,1.8,6.9,5.5,0.4,1.7,2,4.3,2.1,4,3,1.1,1.2,2.9,4.9,1.5,1.9,1.7,3,6.3,2.2,127,127,127,127,127,127,254,127,127,127,127,127,127,127,127,127,254,254,127,127
394,1.8,6.8,5.5,0.4,1.8,2,4.3,2.1,3.9,2.8,1,1.2,2.8,4.7,1.5,1.8,1.7,2.9,6.3,2.1,127,127,127,127,127,127,254,127,127,127,127,127,127,127,127,127,254,254,127,127
395,1.9,6.9,5.6,0.4,1.8,1.9,4.2,2.1,3.9,2.9,1,1.2,2.9,4.9,1.5,1.8,1.7,3.2,6.3,2.5,127,127,127,127,127,127,254,127,127,127,127,127,127,127,127,127,254,254,127,127
396,1.8,6.9,5.5,0.4,2,1.9,4.2,2,3.7,2.9,1.1,1.3,2.8,4.8,1.5,2,1.7,3.2,6.3,2.6,127,127,127,127,127,127,254,127,127,127,127,127,127,127,127,127,254,254,127,127
397,1.9,6.9,5.5,0.4,1.9,1.9,4.3,2,3.8,3,1,1.3,2.8,4.8,1.5,1.9,1.7,3.2,6.4,2.3,127,127,127,127,127,127,254,127,127,127,127,127,127,127,127,127,254,254,127,127
398,2.4,7.7,5,0.4,1.5,2.1,3.9,2.1,3.3,3.1,1,1.2,2.7,4.8,1.4,1.6,1.6,2.8,6,2.2,119,119,124,119,124,119,238,119,119,119,119,119,119,119,124,119,238,238,119,119
399,2,5.3,2.4,0.4,1.2,2.3,3.6,2,1.9,2.8,1.1,1.1,2,3.6,0.9,1.2,1.4,2.8,3.4,2.7,119,119,119,119,119,119,238,119,119,119,119,119,119,119,238,119,477,238,119,119
400,2,5.3,2.4,0.4,1.1,2.2,3.7,2,1.9,2.9,1.1,1,2,3.6,0.8,1.1,1.4,2.7,3.4,2.8,119,119,119,119,119,119,238,119,119,119,119,119,119,119,238,119,477,238,119,119
401,2,5.4,2.3,0.4,1,2.4,3.6,2,2.1,2.8,1,1.1,2,3.6,0.9,1.2,1.4,2.6,3.8,2.9,119,119,119,119,119,119,238,119,119,119,119,119,119,119,238,119,238,238,119,119
402,2,5.3,2.3,0.4,0.9,2.4,3.5,2,2.1,3,1.1,1.1,2.1,3.6,0.8,1.1,1.3,2.5,3.5,2.7,119,119,119,119,119,119,238,119,119,119,119,119,119,119,238,119,238,238,119,119
403,1.9,5.2,2.3,0.4,1,2.2,3.4,2.2,1.9,2.8,1,1.1,2,3.6,0.8,1.1,1.4,2.5,3.4,2.8,119,119,119,119,119,119,238,119,119,119,119,119,119,119,238,119,238,238,119,119
404,2,5.3,2.7,0.4,1,2.4,3.5,1.9,2,2.6,1.1,1.1,2,3.5,0.8,1,1.3,2.5,3.4,2.6,119,119,119,119,119,119,238,119,119,119,119,119,119,119,238,119,238,238,119,119
405,2.1,5.4,2.5,0.4,1.1,2.4,3.7,2.8,2.1,2.7,1.1,1,2.1,3.5,0.9,1,1.3,2.5,3.3,2.7,119,119,119,119,119,119,238,119,119,119,119,119,119,119,238,119,238,238,119,119
406,2,5.3,2.4,0.4,1,2.4,3.4,1.9,1.9,2.6,1.1,1,2.1,3.5,0.8,0.9,1.3,2.4,3.5,2.3,119,119,119,119,119,119,238,119,119,119,119,119,119,119,238,119,238,238,119,119
407,2,5.4,2.4,0.4,0.9,2.3,3.5,2.8,2.1,2.8,1,1.2,2,3.6,0.9,1,1.4,2.5,3.4,2.5,119,119,119,119,119,119,238,119,119,119,119,119,119,119,238,119,238,238,119,119
408,2,5.4,2.4,0.4,1,2.2,3.5,2,2,2.5,1.1,1,2,3.7,0.8,1.2,1.4,2.5,3.5,2.5,119,119,119,119,119,119,238,119,119,119,119,119,119,119,238,119,238,238,119,119
409,2,5.4,2.4,0.4,1,2.2,3.6,1.9,2.1,2.5,1,1.1,1.9,3.5,0.9,1.1,1.4,2.6,3.4,2.5,119,119,119,119,119,119,238,119,119,119,119,119,119,119,238,119,238,238,119,119
410,2,5.6,2.6,0.4,1,2.1,3.6,5.9,2.2,2.6,1,1.1,2.1,3.9,0.9,1.2,1.4,2.1,3.4,2.6,119,119,119,119,119,119,238,119,119,119,119,119,119,119,238,119,238,238,119,119
411,2.1,5.5,2.3,0.4,1,2.3,3.7,2,2.2,2.7,1,1,2.1,3.7,0.8,1.3,1.4,2.7,3.5,2.7,119,119,119,119,119,119,238,119,119,119,119,119,119,119,238,119,238,238,119,119
412,2.1,5.5,2.4,0.4,1,2.3,3.6,2,1.9,2.5,1,1.1,2.1,3.6,0.8,1.1,1.4,2.5,3.4,2.5,119,119,119,119,119,119,238,119,119,119,119,119,119,119,238,119,238,238,119,119
413,1.9,5.4,2.4,0.4,1,2.2,3.5,1.9,1.8,2.5,1,1.1,2.1,3.6,0.8,1.1,1.3,2.7,3.4,2.3,119,119,119,119,119,119,238,119,119,119,119,119,119,119,238,119,238,238,119,119
414,2,5.6,2.4,0.4,0.9,2.2,3.5,3.4,2,2.8,1,1,2,3.6,0.9,1.1,1.3,2.3,3.4,2.5,119,119,119,119,119,119,238,119,119,119,119,119,119,119,238,119,238,238,119,119
415,2,5.4,2.4,0.4,1.2,2.3,3.7,2,1.9,2.8,1.1,1,2.1,3.7,0.9,1.2,1.4,2.6,3.6,2.5,119,119,119,119,119,119,238,119,119,119,119,119,119,119,238,119,238,477,119,119
416,2,5.7,2.5,0.4,1.3,2.4,3.6,1.9,1.9,2.6,1.1,1,2.1,3.8,0.9,1.1,1.4,2.5,3.4,2.6,119,119,119,119,119,119,238,119,119,119,119,119,119,119,238,119,238,238,119,119
417,2.1,5.6,2.3,0.4,1,2.2,3.8,2.1,1.9,2.6,1,1.1,2.1,3.7,0.9,1.1,1.4,2.6,3.4,2.4,119,119,119,119,119,119,238,119,119,119,119,119,119,119,238,119,238,238,119,119
418,2.1,5.5,2.4,0.4,0.9,2.4,3.8,2,2,2.6,1,1,2.2,3.7,0.9,1.1,1.5,2.6,3.5,2.3,119,119,119,119,119,119,238,119,119,119,119,119,119,119,238,119,238,477,119,119
419,2,5.5,2.2,0.4,1,2.4,3.8,2,2,2.5,1.1,1,2.2,3.7,0.9,1,1.5,2.7,3.4,2.2,119,119,119,119,119,119,238,119,119,119,119,119,119,119,238,119,238,238,119,119
420,2,5.5,2.3,0.4,0.9,2.5,3.7,1.9,2,2.7,1,1,2,3.6,0.9,1,1.4,2.3,3.6,2.2,119,119,119,119,119,119,238,119,119,119,119,119,119,119,238,119,238,477,119,119
421,2.1,5.5,2.3,0.4,0.9,2.4,3.8,2.1,1.9,2.6,1.1,1.1,2.1,3.6,0.9,1.1,1.4,2.4,3.4,2,119,119,119,119,119,119,238,119,119,119,119,119,119,119,238,119,238,238,119,119
422,2.1,5.3,2.4,0.4,1.1,2.3,3.6,2,2,2.6,1.1,1,2.1,3.6,0.9,1,1.4,2.5,3.3,2,119,119,119,119,119,119,238,119,119,119,119,119,119,119,238,119,238,238,119,119
423,2.1,5.3,2.3,0.4,1.1,2.4,3.8,5,1.9,2.7,1,1.1,2.2,3.5,0.9,1,1.3,2.6,3.5,2.2,119,119,119,119,119,119,238,119,119,119,119,119,119,119,238,119,238,238,119,119
424,2,5.4,2.3,0.4,1,2.4,3.8,2.2,1.9,2.7,1,1.1,2.1,3.6,0.9,1.2,1.5,2.5,3.4,2.4,119,119,119,119,119,119,238,119,119,119,119,119,119,119,238,119,238,238,119,119
425,2,5.4,2.5,0.4,1,2.4,3.8,2,2.1,2.7,1,1,2.1,3.5,0.9,1.1,1.4,2.9,3.3,2.1,119,119,119,119,119,119,238,119,119,119,119,119,119,119,238,119,238,477,119,119
426,2,5.3,2.2,0.4,1,2.3,3.7,2,1.8,2.5,1,1,2,3.5,0.8,1.1,1.4,2.5,3.3,1.9,119,119,119,119,119,119,238,119,119,119,119,119,119,119,238,119,238,238,119,119
427,2.1,5.4,2.4,0.4,1.1,2.3,3.5,2.1,1.9,2.8,1,1.2,1.9,3.5,0.9,1.3,1.3,2.5,3.3,2,119,119,119,119,119,119,238,119,119,119,119,119,119,119,238,119,238,238,119,119
428,2.1,5.3,2.4,0.4,0.9,2.3,3.8,2,2.1,2.6,1,1,2,3.6,0.9,1.2,1.3,2.7,3.4,2,119,119,119,119,119,119,238,119,119,119,119,119,119,119,238,119,238,238,119,119
429,2.2,5.3,2.5,0.4,0.9,2.4,3.7,2,1.8,2.5,1.1,1,2,3.7,0.9,1.3,1.5,2.8,3.3,2.2,119,119,119,119,119,119,238,119,119,119,119,119,119,119,238,119,238,476,119,119
430,2.6,5.3,2.9,0.5,1,3.1,3,2.1,1.7,2.8,1.4,1,2.2,3.3,0.9,1.1,2.2,2.5,2.8,3.5,111,111,111,111,222,111,111,111,111,111,111,111,111,111,222,111,222,222,111,111
431,2.6,5.3,3,0.5,1.1,3,3,2.1,1.7,2.8,1.4,1,2.2,3.3,0.8,1.1,2.3,2.6,2.4,3.7,111,111,111,111,222,111,222,111,111,111,111,111,111,111,222,111,222,222,111,111
432,2.6,5.3,2.9,0.5,1,3,3.2,2.1,1.8,2.8,1.4,1,2.3,3.4,0.8,1.1,2.3,2.5,2.4,3.6,111,111,111,111,222,111,222,111,111,111,111,111,111,111,222,111,222,222,111,111
433,2.6,5.2,3,0.5,1,3,2.9,2.1,1.7,2.4,1.4,1.2,2.1,3.4,0.8,1.1,2.3,2.4,2.3,3.3,111,111,111,111,222,111,111,111,111,111,111,111,111,111,222,111,222,222,111,111
434,2.6,5.1,3,0.5,0.9,2.8,2.9,1.9,2.1,2.9,1.3,1,2.2,3.4,0.8,1,2.3,2.2,2.3,3.1,111,111,111,111,222,111,222,111,111,111,111,111,111,111,222,111,222,222,111,111
435,2.5,5.2,3,0.5,0.9,3,3.1,1.9,1.7,2.7,1.3,1.1,2.2,3.6,0.8,1,2.4,2.6,2.3,2.9,111,111,111,111,222,111,111,111,111,111,111,111,111,111,222,111,222,222,111,111
436,2.6,5.1,3.1,0.5,0.9,3,3,2.1,1.7,2.6,1.4,1,2.2,3.4,0.8,1.1,2.3,2.6,2.3,3.1,111,111,111,111,222,111,111,111,111,111,111,111,111,111,222,111,222,222,111,111
437,2.6,5.1,3,0.5,0.9,2.8,3.1,2.1,2.2,2.7,1.3,1.1,2.1,3.4,0.8,1.3,2.4,2.2,2.4,3.8,111,111,111,111,222,111,222,111,111,111,111,111,111,111,222,111,222,222,111,111
438,2.6,5.1,2.9,0.5,0.8,2.8,3.1,2,1.7,2.7,1.3,0.9,2.2,3.4,0.8,1.2,2.2,2.5,2.6,3.4,111,111,111,111,222,111,222,111,111,111,111,111,111,111,222,111,222,222,111,111
439,2.5,5.2,2.9,0.5,0.9,2.9,3.1,2,1.8,2.7,1.3,1.1,2.3,3.4,0.8,1.1,2.4,2.3,2.4,3.3,111,111,111,111,222,111,222,111,111,111,111,111,111,111,222,111,222,222,111,111
440,2.6,5.2,2.9,0.5,0.9,3,3.2,2,1.8,2.6,1.4,1.1,2.3,3.4,0.8,1.1,2.4,2.8,2.5,3.3,111,111,111,111,222,111,111,111,111,111,111,111,111,111,222,111,222,222,111,111
441,2.7,5.2,3,0.5,1,2.9,2.9,2,1.6,2.7,1.4,1,2.2,3.4,0.9,1.2,2.3,2.3,2.2,3.1,111,111,111,111,222,111,111,111,111,111,111,111,111,111,222,111,222,222,111,111
442,2.6,5.2,3,0.5,0.9,2.9,3.1,2.1,1.8,2.8,1.4,1,2.3,3.5,0.8,1.1,2.2,2.4,2.3,3.3,111,111,111,111,222,111,222,111,111,111,111,111,111,111,222,111,222,222,111,111
443,2.6,5.3,2.8,0.5,0.8,2.8,3,2.5,1.8,3.2,1.3,1,2.3,3.4,0.8,1.1,2.3,2.5,2.4,3.4,111,111,111,111,222,111,111,111,111,111,111,111,111,111,222,111,222,222,111,111
444,2.6,5.2,2.9,0.5,0.9,3,3.2,2.2,1.7,2.9,1.3,1.1,2.3,3.4,0.9,1.1,2.3,2.5,2.6,3.3,111,111,111,111,222,111,111,111,111,111,111,111,111,111,222,111,222,222,111,111
445,2.6,5.2,2.9,0.5,0.9,3,3.1,2,1.9,2.7,1.4,1.1,2.2,3.4,0.9,1,2.3,2.6,2.4,3.2,111,111,111,111,222,111,111,111,111,111,111,111,111,111,222,111,222,222,111,111
446,2.6,5.3,3,0.5,0.9,3,3,2,1.7,2.8,1.4,1,2.3,3.6,0.8,1.1,2.3,2.8,2.6,3.3,111,111,111,111,222,111,111,111,111,111,111,111,111,111,222,111,222,222,111,111
447,2.6,5.2,3.1,0.5,0.9,2.9,2.8,2.2,1.9,3.1,1.4,1,2.3,3.4,0.8,1.3,2.3,2.4,2.4,3.1,111,111,111,111,222,111,111,111,111,111,111,111,111,111,222,111,222,222,111,111
448,2.7,5.3,2.9,0.5,0.8,2.9,3.2,2.1,1.8,3,1.3,1.1,2.2,3.3,0.8,1.6,2.3,2.6,2.4,3.2,111,111,111,111,222,111,111,111,111,111,111,111,111,111,222,111,222,222,111,111
449,2.6,5.2,2.9,0.5,0.8,2.7,3,2,1.8,2.7,1.3,1.1,2.3,3.3,0.8,1.6,2.5,2.3,2.4,2.9,111,111,111,111,222,111,111,111,111,111,111,111,111,111,222,111,222,222,111,111
450,2.6,5.3,2.9,0.5,0.9,2.9,2.9,2.1,1.9,2.8,1.4,1,2.2,3.4,0.8,1.1,2.3,2.7,2.5,3,111,111,111,111,222,111,111,111,111,111,111,111,111,111,222,111,222,222,111,111
451,2.7,5.3,2.9,0.5,0.8,3,3.1,2.1,1.8,2.5,1.4,1,2.3,3.5,0.8,1.1,2.3,2.7,2.4,2.9,111,111,111,111,222,111,111,111,111,111,111,111,111,111,222,111,222,222,111,111
452,2.6,5.2,3,0.5,0.8,2.9,3.1,2,1.8,2.6,1.4,1,2.3,3.5,0.9,1,2.4,2.7,2.5,2.9,111,111,111,111,222,111,111,111,111,111,111,111,111,111,222,111,222,222,111,111
453,2.6,5.4,3.2,0.5,0.9,3,3,2.1,1.8,2.6,1.4,1.2,2.5,3.4,0.8,1.1,2.3,2.6,2.4,3,111,111,111,111,222,111,111,111,111,111,111,111,111,111,222,111,222,222,111,111
454,2.7,5.2,3,0.6,0.9,2.9,2.9,2,1.8,2.6,1.4,1.1,2.3,3.3,0.8,1.2,2.5,2.5,2.3,3,111,111,111,111,222,111,111,111,111,111,111,111,111,111,222,111,222,222,111,111
455,2.7,5.4,3,0.5,0.9,2.9,3.1,2.1,1.7,2.6,1.4,1.1,2.2,3.3,0.8,1.3,2.3,2.5,2.4,3.3,111,111,111,111,222,111,111,111,111,111,111,111,111,111,222,111,222,222,111,111
456,2.6,5.5,3,0.5,0.8,2.9,3,2,1.8,2.7,1.4,1,2.4,3.4,0.8,1.2,2.4,2.6,2.5,2.8,111,111,111,111,222,111,111,111,111,111,111,111,111,111,222,111,222,222,111,111
457,2.6,5.4,3,0.6,0.8,2.9,3.1,2.1,1.9,2.7,1.4,1.1,2.2,3.5,0.8,1.1,2.3,2.6,2.5,3,111,111,111,111,222,111,111,111,111,111,111,111,111,111,222,111,222,222,111,111
458,2.7,5.6,3,0.5,0.8,3,3.1,2.2,1.7,2.9,1.4,1,2.3,3.3,0.8,1.2,2.4,2.5,2.5,3.2,111,111,111,111,222,111,111,111,111,111,111,111,111,111,222,111,222,222,111,111
459,2.7,5.5,3.1,0.5,0.8,3,3.2,2,1.8,2.7,1.4,1.1,2.3,3.4,0.8,1.3,2.4,2.5,2.3,3.5,111,111,111,111,222,111,111,111,111,111,111,111,111,111,222,111,222,222,111,111
460,2.7,5.4,3,0.5,0.8,3.1,3,2.1,1.6,2.7,1.5,1.1,2.3,3.4,0.8,1.2,2.3,2.7,2.5,3.6,111,111,111,111,222,111,111,111,111,111,111,111,111,111,222,111,222,222,111,111
461,2.7,5.4,2.9,0.6,0.9,3,3.1,2.1,1.9,2.6,1.5,1.1,2.3,3.4,0.8,1.2,2.4,2.4,2.5,3.8,111,111,111,111,222,111,111,111,111,111,111,111,111,111,222,111,222,222,111,111
462,2.7,5.4,3.1,0.5,0.7,3.1,3.1,1.9,1.8,2.9,1.4,1,2.3,3.3,0.9,1.1,2.4,2.4,2.6,3.9,111,111,111,111,222,111,111,111,111,111,111,111,111,111,222,111,222,222,111,111
463,2.7,5.3,3,0.5,0.8,2.9,2.9,1.9,1.8,2.7,1.3,1.1,2.3,3.3,0.9,1.2,2.3,2.3,2.4,3.6,111,111,111,111,222,111,111,111,111,111,111,111,111,111,222,111,222,222,111,111
464,2.7,5.3,3,0.5,0.8,3,3.1,2,1.9,2.8,1.5,1,2.4,3.5,0.8,1.1,2.3,2.3,2.4,3.6,111,111,111,111,222,111,111,111,111,111,111,111,111,111,222,111,222,222,111,111
465,2.6,5.6,3,0.5,0.8,3,3.1,2,1.7,2.6,1.4,1,2.5,3.4,0.9,1.2,2.4,2.5,2.4,3.9,111,111,111,111,222,111,111,111,111,111,111,111,111,111,222,111,222,222,111,111
466,2.6,5.4,3,0.5,0.9,3,3.1,1.9,1.9,2.7,1.4,1.2,2.4,3.5,0.8,1.1,2.4,2.5,2.3,3.1,111,111,111,111,222,111,111,111,111,111,111,111,111,111,222,111,222,222,111,111
467,2.6,5.4,2.9,0.5,0.7,2.9,2.8,2.1,1.8,3,1.4,1,2.3,3.4,0.8,1.1,2.4,2.3,2.4,2.7,111,111,111,111,222,111,111,111,111,111,111,111,111,111,222,111,222,222,111,111
468,2.7,5.6,3,0.5,0.8,3.1,3.1,2.2,1.7,2.6,1.5,1.1,2.3,3.4,0.8,1.1,2.4,2.4,2.6,3.1,111,111,111,111,222,111,222,111,111,111,111,111,111,111,222,111,222,222,111,111
469,2.7,5.5,3.1,0.5,0.8,3.1,3.1,2,1.7,2.5,1.4,1.1,2.3,3.4,0.8,1,2.4,2.6,2.3,3.3,111,111,111,111,222,111,111,111,111,111,111,111,111,111,222,111,222,222,111,111
470,2.8,5.4,2.9,0.5,0.8,3.1,3,2,1.7,2.8,1.4,1,2.3,3.5,0.8,1.1,2.4,2.5,2.4,3.1,111,111,111,111,222,111,111,111,111,111,111,111,111,111,222,111,222,222,111,111
471,2.7,5.6,2.9,0.5,0.8,3,3.1,2,1.7,2.7,1.4,1.2,2.3,3.3,0.9,1.2,2.4,2.4,2.6,3.4,111,111,111,111,222,111,222,111,111,111,111,111,111,111,222,111,222,222,111,111
472,2.7,5.4,3.1,0.5,0.8,3,3,2,1.7,2.7,1.4,1,2.4,3.4,0.8,1.2,2.4,2.5,2.5,3,111,111,111,111,222,111,111,111,111,111,111,111,111,111,222,111,222,222,111,111
473,2.7,5.4,3.2,0.5,0.8,2.8,3,2.1,1.9,2.8,1.4,1,2.4,3.5,0.8,1.4,2.4,2.6,2.6,3.2,111,111,111,111,222,111,111,111,111,111,111,111,111,111,222,111,222,222,111,111
474,2.7,5.4,3.1,0.5,0.8,2.9,3,2.3,1.8,3,1.4,1.1,2.5,3.4,0.9,1.3,2.4,2.7,2.4,3.1,111,111,111,111,222,111,222,111,111,111,111,111,111,111,222,111,222,222,111,111
475,2.6,5.5,3,0.5,0.9,3.1,3.1,2.1,1.8,2.6,1.5,1.1,2.3,3.4,0.8,1.2,2.4,2.4,2.3,3,111,111,111,111,222,111,111,111,111,111,111,111,111,111,222,111,222,222,111,111
476,2.7,5.4,2.9,0.5,0.9,3,3,2,2.1,2.6,1.4,1,2.4,3.5,0.9,1.1,2.3,2.3,2.3,2.7,111,111,111,111,222,111,111,111,111,111,111,111,111,111,222,111,222,222,111,111
477,2.7,5.4,2.9,0.5,1,3.1,3.2,2,1.8,2.6,1.4,1,2.5,3.4,0.8,1.1,2.4,2.5,2.4,3,111,111,111,111,222,111,222,111,111,111,111,111,111,111,222,111,222,222,111,111
478,2.7,5.4,3.1,0.5,0.8,3.1,3.1,2,2,2.6,1.4,1,2.3,3.5,0.8,1.2,2.3,2.6,2.5,3,111,111,111,111,222,111,111,111,111,111,111,111,111,111,222,111,222,222,111,111
479,2.8,5.4,2.9,0.5,0.9,3.1,3.1,2.1,1.7,2.6,1.5,1,2.4,3.4,0.9,1.2,2.4,2.7,2.6,3.1,111,111,111,111,222,111,111,111,111,111,111,111,111,111,222,111,222,222,111,111
480,2.6,5.4,2.9,0.5,0.8,3,3.2,2.1,1.8,2.8,1.4,1,2.4,3.3,0.8,1.1,2.4,2.6,2.5,3,111,111,111,111,222,111,222,111,111,111,111,111,111,111,222,111,222,222,111,111
481,2.6,5.5,3,0.5,0.7,3,3.1,2,1.8,2.8,1.4,1,2.3,3.6,0.8,1.3,2.4,2.6,2.4,3.2,111,111,111,111,222,111,111,111,111,111,111,111,111,111,222,111,222,222,111,111
482,2.7,5.5,2.9,0.5,0.8,2.8,2.9,2,1.9,2.7,1.3,1.1,2.3,3.3,0.8,1.2,2.4,2.4,2.6,3.1,111,111,111,111,222,111,111,111,111,111,111,111,111,111,222,111,222,222,111,111
483,2.7,5.5,3,0.5,0.7,3.1,3.2,2.1,1.8,2.9,1.4,1,2.4,3.4,0.8,1.2,2.5,2.9,2.6,2.9,111,111,111,111,222,111,222,111,111,111,111,111,111,111,222,111,222,222,111,111
484,2.7,5.6,3.2,0.5,0.7,3.1,3,2,1.9,2.5,1.5,1,2.4,3.4,0.8,1.2,2.4,2.7,2.5,3.5,111,111,111,111,222,111,111,111,111,111,111,111,111,111,222,111,222,222,111,111
485,2.7,5.5,3.1,0.5,0.8,3,3.1,2,1.8,2.9,1.4,1.2,2.3,3.3,0.8,1.2,2.3,2.6,2.3,3.1,111,111,111,111,222,111,111,111,111,111,111,111,111,111,222,111,222,222,111,111
486,2.7,5.6,3.1,0.5,0.8,3,3.2,2,1.7,3,1.4,1.3,2.4,3.3,0.8,1.2,2.4,2.7,2.4,3.3,111,111,111,111,222,111,111,111,111,111,111,111,111,111,222,111,222,222,111,111
487,2.8,5.4,3,0.5,0.8,3.1,3.1,2,1.8,2.7,1.5,1,2.5,3.4,0.8,1.3,2.3,2.9,2.3,3.1,111,111,111,111,222,111,111,111,111,111,111,111,111,111,222,111,222,222,111,111
488,2.7,5.4,3,0.5,0.8,3,3.2,2,2,2.5,1.4,1,2.3,3.3,0.8,1.4,2.4,2.4,2.4,3.4,111,111,111,111,222,111,222,111,111,111,111,111,111,111,222,111,222,222,111,111
489,2.6,5.4,3,0.5,1,2.9,3.1,2,1.9,2.9,1.4,1,2.4,3.3,0.9,1.1,2.4,2.4,2.3,2.8,111,111,111,111,222,111,111,111,111,111,111,111,111,111,222,111,222,222,111,111
490,2.7,5.5,2.9,0.5,0.8,3,3,2,1.7,2.6,1.5,1,2.3,3.4,0.8,1.2,2.4,2.5,2.3,3.5,111,111,111,111,222,111,111,111,111,111,111,111,111,111,222,111,222,222,111,111
491,2.7,5.4,3,0.5,0.8,2.9,3.1,2,1.7,2.4,1.4,1.2,2.3,3.3,0.9,1.2,2.3,2.4,2.4,3.5,111,111,111,111,222,111,222,111,111,111,111,111,111,111,222,111,222,222,111,111
492,2.7,5.5,3,0.5,0.8,3.1,3.2,2.2,2,2.5,1.4,1.2,2.4,3.3,0.8,1.1,2.5,2.7,2.4,2.8,111,111,111,111,222,111,111,111,111,111,111,111,111,111,222,111,222,222,111,111
493,2.7,5.5,2.9,0.6,0.8,3,2.9,1.9,1.7,2.6,1.4,1.1,2.3,3.4,0.8,1.1,2.4,2.3,2.5,3.4,111,111,111,111,222,111,111,111,111,111,111,111,111,111,222,111,222,222,111,111
494,2.7,5.4,2.9,0.5,0.7,2.8,3.1,2,1.8,2.4,1.4,0.9,2.4,3.4,0.8,1.1,2.3,2.4,2.4,2.9,111,111,111,111,222,111,222,111,111,111,111,111,111,111,222,111,222,222,111,111
495,2.7,5.5,3.1,0.5,0.8,3.1,3,2,2,2.7,1.4,1.1,2.4,3.3,0.8,1.1,2.4,2.5,2.4,2.9,111,111,111,111,222,111,111,111,111,111,111,111,111,111,222,111,222,222,111,111
496,2.7,5.4,3,0.5,0.9,3,3,2,1.8,2.8,1.4,1,2.4,3.4,0.8,1.2,2.4,2.3,2.3,3.1,111,111,111,111,222,111,111,111,111,111,111,111,111,111,222,111,222,222,111,111
497,2.7,5.4,3.1,0.5,0.9,3,3.2,2,1.9,2.8,1.4,1,2.5,3.3,0.8,1.3,2.5,2.6,2.3,3.2,111,111,111,111,222,111,222,111,111,111,111,111,111,111,222,111,222,222,111,111
498,2.8,5.6,3,0.5,0.8,3.1,3.1,2.1,1.8,2.4,1.4,0.9,2.4,3.4,0.8,1.1,2.4,2.8,2.4,3.2,111,111,111,111,222,111,111,111,111,111,111,111,111,111,222,111,222,222,111,111
499,2.7,5.5,3,0.5,0.8,2.9,3,2,1.7,2.9,1.4,1,2.4,3.3,0.8,1.2,2.4,2.3,2.5,4.3,111,111,111,111,222,111,222,111,111,111,111,111,111,111,222,111,222,222,111,111
500,2.7,5.5,3.1,0.5,0.7,3,3.1,2.4,1.8,2.6,1.4,1,2.4,3.3,0.8,1.1,2.5,2.4,2.6,3.6,111,111,111,111,222,111,222,111,111,111,111,111,111,111,222,111,222,222,111,111
501,2.7,5.4,3,0.5,0.8,3,3,1.9,1.7,2.4,1.4,1,2.4,3.4,0.8,1.1,2.4,2.3,2.5,3.1,111,111,111,111,222,111,111,111,111,111,111,111,111,111,222,111,222,222,111,111
502,2.7,5.5,3,0.5,0.9,3,3.3,2,1.9,2.7,1.4,1,2.4,3.4,0.8,1.2,2.4,2.5,2.3,3.8,111,111,111,111,222,111,222,111,111,111,111,111,111,111,222,111,222,222,111,111
503,2.6,5.5,3.1,0.6,0.8,2.8,3.1,2,1.8,2.9,1.3,1,2.4,3.4,0.9,1.2,2.6,2.4,2.5,3.7,111,111,111,111,222,111,222,111,111,111,111,111,111,111,222,111,222,222,111,111
504,2.7,5.4,3.1,0.5,0.9,2.7,2.9,2,1.9,2.5,1.3,1,2.4,3.4,0.8,1.1,2.5,2.3,2.4,3.3,111,111,111,111,222,111,111,111,111,111,111,111,111,111,222,111,222,222,111,111
505,2.7,5.4,3.1,0.5,0.7,2.7,3.1,2.1,1.8,2.6,1.4,1,2.5,3.3,0.8,1.3,2.5,2.4,2.5,3.7,111,111,111,111,222,111,222,111,111,111,111,111,111,111,222,111,222,222,111,111
506,2.7,5.4,2.9,0.6,0.8,3,3.1,1.9,1.7,2.5,1.5,1,2.4,3.4,0.9,1.1,2.4,2.6,2.3,3.6,111,111,111,111,222,111,111,111,111,111,111,111,111,111,222,111,222,222,111,111
507,2.7,5.5,2.9,0.5,0.9,2.9,3.1,2,1.8,2.7,1.4,1.1,2.4,3.3,0.8,1.1,2.4,2.5,2.3,3.4,111,111,111,111,222,111,222,111,111,111,111,111,111,111,222,111,222,222,111,111
508,2.7,5.6,3.1,0.5,0.7,3,3,2.1,1.7,2.7,1.3,1,2.4,3.4,0.9,1.2,2.4,2.3,2.5,3.1,111,111,111,111,222,111,222,111,111,111,111,111,111,111,222,111,222,222,111,111
509,2.7,5.4,3,0.6,0.8,2.8,3,2.6,1.9,2.4,1.4,1,2.4,3.4,0.8,1.2,2.4,2.4,2.5,3.5,111,111,111,111,222,111,111,111,111,111,111,111,111,111,222,111,222,222,111,111
510,2.7,5.4,3,0.5,0.8,2.8,3.1,2.1,1.8,2.8,1.3,1.1,2.2,3.4,0.9,1.1,2.3,2.4,2.5,3.6,112,112,112,112,223,112,112,112,112,112,112,112,112,112,227,112,223,227,112,112
511,2.2,4.7,2.4,0.4,0.7,2.7,3.3,1.9,1.8,2.7,1.2,1,2,3.3,1,1,1.8,2.3,2.8,2.4,115,115,115,115,230,115,460,115,115,115,115,115,115,115,230,115,230,460,115,115
512,2.1,4.4,2.5,0.4,0.7,2.4,3,1.8,1.7,2.8,1.2,1,1.9,3.4,0.9,1,1.9,1.9,2.8,2.7,115,115,115,115,230,115,460,115,115,115,115,115,115,115,230,115,230,460,115,115
513,2.1,4.5,2.4,0.4,0.8,2.6,3.2,3.4,1.7,2.4,1.2,1,2,3.4,0.9,1.1,1.7,2.1,2.6,2.3,115,115,115,115,230,115,460,115,115,115,115,115,115,115,230,115,230,460,115,115
514,2.2,4.6,2.5,0.4,0.9,2.7,3.3,2.1,1.8,2.5,1.3,1.1,2,3.4,0.9,1,1.8,2.6,2.8,2.7,115,115,115,115,230,115,460,115,115,115,115,115,115,115,230,115,230,460,115,115
515,2.2,4.6,2.4,0.4,0.9,2.7,3.2,2,1.8,2.7,1.3,1,2,3.3,0.9,1.1,1.7,2.5,2.9,2.6,115,115,115,115,230,115,460,115,115,115,115,115,115,115,230,115,230,460,115,115
516,2.1,4.6,2.4,0.5,0.8,2.6,3.2,2,1.9,2.5,1.2,1,2,3.3,0.9,1,1.8,2.5,3,2.6,115,115,115,115,230,115,460,115,115,115,115,115,115,115,230,115,230,460,115,115
517,2.2,4.6,2.5,0.4,0.9,2.6,3.2,2,1.9,2.8,1.3,1,2.1,3.3,0.9,1.1,1.8,2.7,2.6,3.3,115,115,115,115,230,115,460,115,115,115,115,115,115,115,230,115,230,460,115,115
518,2.1,4.5,2.6,0.4,0.9,2.5,3.1,2,1.8,2.8,1.2,1.2,2,3.3,0.9,1.4,1.8,2.5,2.8,3.1,115,115,115,115,230,115,460,115,115,115,115,115,115,115,230,115,230,460,115,115
519,2.1,4.5,2.4,0.4,1,2.4,3.1,2,1.7,2.5,1.2,1,2,3.2,1,1,1.8,2.4,2.6,2.6,115,115,115,115,230,115,460,115,115,115,115,115,115,115,230,115,230,460,115,115
520,2.2,4.6,2.4,0.4,0.9,2.7,3.2,2,1.9,2.6,1.3,1,2,3.3,0.9,1,1.8,2.6,2.6,2.7,115,115,115,115,230,115,460,115,115,115,115,115,115,115,230,115,230,460,115,115
521,2.1,4.6,2.4,0.4,0.9,2.6,3.2,2.2,1.7,2.3,1.3,1.2,2.1,3.5,1,1.1,1.8,2.6,2.6,2.3,115,115,115,115,230,115,460,115,115,115,115,115,115,115,230,115,230,460,115,115
522,2.1,4.6,2.5,0.5,1,2.6,3.2,2.1,1.9,2.9,1.3,1,2.1,3.3,0.9,1,1.7,2.6,2.7,2.5,115,115,115,115,230,115,461,115,115,115,115,115,115,115,230,115,230,461,115,115
523,2.2,4.5,2.5,0.4,0.8,2.7,3.3,1.9,1.8,2.5,1.3,1,2,3.3,1,1,1.8,2.7,2.7,2.4,115,115,115,115,230,115,460,115,115,115,115,115,115,115,230,115,230,460,115,115
524,2.2,4.5,2.5,0.4,0.9,2.7,3.4,2,1.8,2.6,1.3,1,2.1,3.4,1,1.1,1.8,2.7,2.9,2.3,115,115,115,115,230,115,460,115,115,115,115,115,115,115,230,115,230,460,115,115
525,2.2,4.6,2.4,0.5,0.9,2.7,3.3,2.1,1.8,2.7,1.3,1,2,3.4,1,1,1.8,2.7,2.7,2.7,115,115,115,115,230,115,460,115,115,115,115,115,115,115,230,115,230,460,115,115
526,2.2,4.7,2.5,0.4,0.9,2.6,3.3,1.9,1.7,2.7,1.2,1,2.1,3.3,1,1.1,1.7,2.6,2.8,2.5,115,115,115,115,230,115,460,115,115,115,115,115,115,115,230,115,230,460,115,115
527,2.2,4.5,2.5,0.4,0.9,2.7,3.3,2,1.9,2.6,1.3,1,2,3.4,0.9,1.1,1.8,2.5,2.6,2.6,115,115,115,115,230,115,460,115,115,115,115,115,115,115,230,115,230,460,115,115
528,2.1,4.4,2.4,0.5,0.9,2.7,3.3,2,1.9,2.8,1.2,1,2.1,3.4,0.9,1,1.8,2.6,2.9,2.4,115,115,115,115,230,115,460,115,115,115,115,115,115,115,230,115,230,460,115,115
529,2.1,4.5,2.4,0.4,0.8,2.6,3.2,2.1,1.8,2.6,1.2,1.2,2,3.3,0.9,1,1.8,2.5,2.8,2.4,115,115,115,115,230,115,460,115,115,115,115,115,115,115,230,115,230,460,115,115
530,2.2,4.5,2.4,0.5,0.8,2.7,3.1,2,1.6,2.6,1.2,1.1,2,3.3,1,1.1,1.7,2.5,2.7,2,115,115,115,115,230,115,460,115,115,115,115,115,115,115,230,115,230,460,115,115
531,2.1,4.6,2.5,0.4,0.8,2.7,3.2,2,1.7,2.8,1.3,1,2.1,3.3,0.9,1,1.7,2.4,2.8,2.5,115,115,115,115,230,115,460,115,115,115,115,115,115,115,230,115,230,460,115,115
532,2.2,4.5,2.4,0.4,0.8,2.6,3.4,2,1.8,2.7,1.3,1.1,2.1,3.3,0.9,1.1,1.8,2.9,2.7,2.8,115,115,115,115,230,115,460,115,115,115,115,115,115,115,230,115,230,460,115,115
533,2.2,4.6,2.4,0.4,0.8,2.7,3.2,2,1.8,2.6,1.2,1,2,3.4,1,1.1,1.8,2.6,2.9,2.8,115,115,115,115,230,115,460,115,115,115,115,115,115,115,230,115,230,460,115,115
534,2.1,4.5,2.6,0.4,0.9,2.8,3.2,1.9,1.8,2.4,1.2,1,2,3.4,0.9,0.9,1.9,2.6,2.6,2.6,115,115,115,115,230,115,460,115,115,115,115,115,115,115,230,115,230,460,115,115
535,2.2,4.6,2.5,0.5,0.8,2.7,3.2,2,1.9,2.6,1.3,1,2.1,3.4,1,1.1,1.8,2.6,2.8,2.8,115,115,115,115,230,115,460,115,115,115,115,115,115,115,230,115,230,460,115,115
536,2.2,4.5,2.5,0.4,0.8,2.6,3.3,2,1.9,2.5,1.3,1,2.2,3.3,0.9,1.1,1.8,2.7,3,2.7,115,115,115,115,230,115,460,115,115,115,115,115,115,115,230,115,230,460,115,115
537,2.2,4.5,2.5,0.4,0.9,2.6,3.3,1.9,2,2.5,1.2,1.1,2,3.4,0.9,1.2,1.8,2.4,2.7,2.5,115,115,115,115,230,115,460,115,115,115,115,115,115,115,230,115,230,460,115,115
538,2.2,4.5,2.5,0.5,1.1,2.8,3.1,2.1,1.8,2.6,1.3,1,2.1,3.3,0.9,1.5,1.8,2.7,2.7,2.3,115,115,115,115,230,115,460,115,115,115,115,115,115,115,230,115,230,460,115,115
539,2.1,4.4,2.4,0.4,0.8,2.4,3.1,2.1,1.6,2.6,1.2,1.1,2.1,3.3,0.9,1.6,1.8,2.3,2.7,2.5,115,115,115,115,230,115,460,115,115,115,115,115,115,115,230,115,230,460,115,115
540,2.2,4.5,2.4,0.4,0.9,2.5,3.2,2,1.8,2.7,1.2,1,2,3.3,0.9,1.2,1.8,2.5,2.8,2.5,115,115,115,115,230,115,460,115,115,115,115,115,115,115,230,115,230,460,115,115
541,2.2,4.6,2.5,0.4,0.8,2.8,3.3,2,1.7,2.5,1.3,1.1,2.2,3.3,0.9,1.1,1.9,2.9,2.7,2.7,115,115,115,115,230,115,460,115,115,115,115,115,115,115,230,115,230,460,115,115
542,2.2,4.6,2.5,0.5,0.8,2.7,3.4,2,1.7,2.6,1.3,1,2,3.5,0.9,1.1,1.7,2.6,2.7,2.6,115,115,115,115,230,115,460,115,115,115,115,115,115,115,230,115,230,460,115,115
543,2.1,4.5,2.4,0.4,0.9,2.6,3.2,2.2,1.9,2.7,1.3,0.9,2,3.5,0.9,1.1,1.8,2.4,2.6,2.5,115,115,115,115,230,115,460,115,115,115,115,115,115,115,230,115,230,460,115,115
544,2.1,4.5,2.4,0.4,0.9,2.6,3,2.1,1.7,2.3,1.2,1.1,2,3.4,0.9,1,1.7,2.2,2.6,2.4,115,115,115,115,230,115,460,115,115,115,115,115,115,115,230,115,230,460,115,115
545,2.1,4.5,2.4,0.5,0.8,2.5,3.1,1.9,2,2.7,1.2,1,2,3.4,1,0.9,1.7,2.2,2.6,2.2,115,115,115,115,115,115,460,115,115,115,115,115,115,115,230,115,230,460,115,115
546,2.1,4.6,2.5,0.4,0.9,2.7,3.3,2,2.1,2.3,1.3,1,2,3.3,1,1,1.7,2.6,2.5,2.1,115,115,115,115,230,115,460,115,115,115,115,115,115,115,230,115,230,460,115,115
547,2.1,4.6,2.4,0.4,0.9,2.7,3.3,2.2,1.7,2.7,1.3,1,2,3.4,0.9,1,1.8,2.5,2.7,2.1,115,115,115,115,230,115,460,115,115,115,115,115,115,115,230,115,230,460,115,115
548,2.2,4.6,2.4,0.4,0.8,2.7,3.3,2.1,1.8,2.4,1.2,1,2.1,3.4,0.9,1.1,1.8,2.7,2.7,2.6,115,115,115,115,230,115,460,115,115,115,115,115,115,115,230,115,230,460,115,115
549,2.2,4.4,2.4,0.4,0.9,2.7,3.3,2.1,2,2.6,1.2,1,1.9,3.4,1,1,1.8,2.6,2.7,2.9,115,115,115,115,230,115,460,115,115,115,115,115,115,115,230,115,230,460,115,115
550,2.2,4.6,2.5,0.4,1,2.8,3.2,2.1,1.6,2.6,1.3,1.1,2,3.4,0.9,1.2,1.9,2.5,2.7,3.3,115,115,115,115,230,115,460,115,115,115,115,115,115,115,230,115,230,460,115,115
551,2.2,4.6,2.4,0.4,0.8,2.7,3.4,2,1.7,2.6,1.3,1,2.1,3.4,0.9,1.1,1.8,2.6,2.7,2.9,115,115,115,115,230,115,460,115,115,115,115,115,115,115,230,115,230,460,115,115
552,2.1,4.4,2.4,0.4,0.9,2.7,3.3,2,1.7,2.8,1.3,1.1,2,3.4,0.9,1.1,1.7,2.4,2.8,3.4,115,115,115,115,230,115,460,115,115,115,115,115,115,115,230,115,230,460,115,115
553,2.1,4.5,2.3,0.4,0.8,2.6,3.2,2,1.8,2.5,1.2,1,2,3.5,0.9,1,1.8,2.4,2.6,2.7,115,115,115,115,230,115,460,115,115,115,115,115,115,115,230,115,230,460,115,115
554,2.1,4.5,2.4,0.4,0.9,2.7,3.2,2,1.8,2.6,1.3,1.1,2.1,3.3,1,1,1.8,2.5,2.8,2.1,115,115,115,115,230,115,460,115,115,115,115,115,115,115,230,115,230,460,115,115
555,2.1,4.7,2.4,0.4,1,2.7,3.3,2.1,1.7,2.7,1.3,1,2.1,3.4,0.9,1.1,1.8,2.7,2.7,2.1,115,115,115,115,230,115,460,115,115,115,115,115,115,115,230,115,230,460,115,115
556,2.2,4.7,2.4,0.5,0.9,2.7,3.3,2.1,1.7,2.7,1.3,1,2.2,3.4,0.9,1.4,1.8,2.6,2.8,2.4,115,115,115,115,230,115,460,115,115,115,115,115,115,115,230,115,230,460,115,115
557,2.2,4.5,2.4,0.4,0.9,2.6,3.4,2,1.7,3.2,1.3,1,2,3.3,0.9,1.3,1.7,2.7,2.8,2.6,115,115,115,115,230,115,460,115,115,115,115,115,115,115,230,115,230,460,115,115
558,2.2,4.5,2.5,0.4,1,2.7,3.3,2.1,1.8,2.8,1.3,1.1,2,3.3,0.9,1.2,1.8,2.6,2.7,3.8,115,115,115,115,230,115,460,115,115,115,115,115,115,115,230,115,230,460,115,115
559,2.2,4.5,2.4,0.4,0.9,2.7,3.3,1.9,1.8,2.8,1.3,1.1,2,3.4,0.9,1.3,1.8,2.3,2.6,3.8,115,115,115,115,230,115,460,115,115,115,115,115,115,115,230,115,230,460,115,115
560,2.2,4.6,2.4,0.4,1,2.8,3.3,2.1,1.7,2.4,1.3,1.1,2,3.4,1,1,1.7,2.5,2.7,2.4,115,115,115,115,115,115,460,115,115,115,115,115,115,115,230,115,230,460,115,115
561,2.1,4.5,2.4,0.4,1,2.7,3.3,2,1.7,2.4,1.3,1,1.9,3.3,1,1,1.8,2.5,2.7,2.3,115,115,115,115,230,115,460,115,115,115,115,115,115,115,230,115,230,460,115,115
562,2.1,4.6,2.4,0.4,1,2.8,3.2,2.1,1.7,2.6,1.3,1.1,2,3.3,1,1,1.7,2.5,2.7,2.3,115,115,115,115,115,115,461,115,115,115,115,115,115,115,231,115,461,461,115,115
563,3.9,6.4,9,0.6,5.7,12.2,9,8.6,2.9,10,5.9,3.5,11.9,7.9,1.1,2.9,3.9,11.6,4,22.3,115,115,115,116,76,74,462,39,115,39,115,115,89,115,230,18,230,73,115,39
564,0.2,0.3,0.5,0.1,0.5,0.4,0.3,12.1,0.6,0.8,0.2,0.3,0.3,0.3,0.2,0.4,0.2,0.4,0.5,0.6,151,75,75,75,75,75,75,6,4,7,75,4,5,5,6,4,25,75,4,75
565,0.3,0.4,0.6,0.2,0.6,0.4,0.5,0.6,0.5,0.8,0.2,0.3,0.4,0.4,0.2,0.4,0.4,1,0.5,0.5,75,75,75,75,75,76,75,75,6,75,75,75,74,75,7,75,25,75,5,75
566,0.3,0.5,0.5,0.1,0.6,0.4,0.6,0.5,0.6,0.9,0.3,0.3,0.3,0.5,0.3,0.4,0.4,1.1,0.7,0.5,74,4,75,25,75,75,25,75,4,4,75,75,75,75,9,75,25,25,5,75
567,0.3,0.6,0.6,0.1,0.7,0.4,0.8,0.5,0.7,0.6,0.3,0.2,0.4,0.5,0.2,0.4,0.5,1.4,0.7,0.5,75,75,75,75,75,75,25,75,5,75,75,75,75,75,224,25,25,75,5,75
568,0.3,0.6,0.5,0.1,0.6,0.4,0.7,0.5,0.6,0.5,0.3,0.3,0.4,0.5,0.2,0.4,0.6,1.5,0.5,0.5,75,75,4,75,75,75,25,75,7,75,75,75,75,75,7,25,25,75,12,75
569,0.3,0.5,0.4,0.2,0.6,0.4,0.8,0.7,0.5,0.7,0.3,0.3,0.4,0.5,0.3,0.5,0.6,1.6,0.6,0.6,75,75,75,75,75,25,25,75,6,4,75,75,75,75,9,5,25,75,4,75
570,0.2,0.4,0.6,0.2,0.5,0.5,0.6,1,0.5,0.7,0.2,0.3,0.3,0.3,0.3,0.5,0.4,0.9,0.5,0.4,4,25,149,75,75,75,25,75,4,5,75,75,75,74,11,4,25,25,4,75
